choice_time,element,entry,entry_name,id_x,index,draft,league,pick,player_first_name,player_last_name,round,seconds_to_pick,was_auto,id_y,assists,bonus,bps,clean_sheets,creativity,goals_conceded,goals_scored,ict_index,influence,minutes,own_goals,penalties_missed,penalties_saved,red_cards,saves,threat,yellow_cards,starts,expected_goals,expected_assists,expected_goal_involvements,expected_goals_conceded,clearances_blocks_interceptions,recoveries,tackles,defensive_contribution,added,chance_of_playing_next_round,chance_of_playing_this_round,code,draft_rank,dreamteam_count,ep_next,ep_this,event_points,first_name,form,in_dreamteam,news,news_added,news_return,news_updated,points_per_game,second_name,squad_number,status,total_points,web_name,influence_rank,influence_rank_type,creativity_rank,creativity_rank_type,threat_rank,threat_rank_type,ict_index_rank,ict_index_rank_type,form_rank,form_rank_type,points_per_game_rank,points_per_game_rank_type,corners_and_indirect_freekicks_order,corners_and_indirect_freekicks_text,direct_freekicks_order,direct_freekicks_text,penalties_order,penalties_text,element_type,team,position_points_rank,pick_order,position_pick_order,points_vs_position_pick,points_vs_position_pick_rank,all_players_position_points_rank,all_players_points_vs_position_pick,all_players_points_vs_position_pick_rank
2026-08-18T18:07:04.625739Z,1,252267.0,Jeeves,2766362.0,17.0,51073.0,48023.0,7.0,James,Reeves,2.0,,False,1,0,3,98,3,0.2,1,0,8.5,84.0,360,0,0,1,0,7,0.0,0,4,0.00,0.01,0.01,2.72,6,44,0,0,2026-07-22T14:42:46.276828Z,,,154561,62,0,,,14,David,7.2,True,,,,,7.2,Raya Martín,,a,29,Raya,73,12,374,4,645,71,198,13,,,,,,,,,,,1,1,1.0,16.0,1.0,0.0,7.0,1.0,0.0,5.0
,,,,,,,,,,,,,,2,0,0,0,0,0.0,0,0,0.0,0.0,0,0,0,0,0,0,0.0,0,0,0.00,0.00,0.00,0.00,0,0,0,0,2026-07-22T14:42:46.278172Z,,,109745,355,0,,,0,Kepa,0.0,False,,,,,0.0,Arrizabalaga Revuelta,,a,0,Arrizabalaga,533,66,533,54,492,52,538,66,,,,,,,,,,,1,1,,,,,,24.0,,
,,,,,,,,,,,,,,3,0,0,0,0,0.0,0,0,0.0,0.0,0,0,0,0,0,0,0.0,0,0,0.00,0.00,0.00,0.00,0,0,0,0,2026-07-22T14:42:46.279014Z,,,437495,359,0,,,0,Illan,0.0,False,,,,,0.0,Meslier,,a,0,Meslier,545,67,544,56,507,54,550,67,,,,,,,,,,,1,1,,,,,,25.0,,
2026-08-18T18:00:58.329503Z,4,252267.0,Jeeves,2766349.0,4.0,51073.0,48023.0,4.0,James,Reeves,1.0,,False,4,0,2,84,3,8.9,1,0,16.1,69.0,360,0,0,0,0,0,84.0,2,4,0.51,0.06,0.57,2.72,29,13,3,32,2026-07-22T14:42:46.279938Z,,,226597,7,0,,,9,Gabriel,6.0,False,,,,,6.0,dos Santos Magalhães,,a,24,Gabriel,101,45,252,87,33,3,89,24,,,,,,,,,,,2,1,6.0,4.0,1.0,-5.0,30.0,10.0,-9.0,21.0
2026-08-18T18:13:49.344540Z,5,252349.0,Blaine,2766380.0,35.0,51073.0,48023.0,5.0,Blaine,Guiney,4.0,,False,5,0,0,3,0,1.9,0,0,0.8,6.0,45,0,0,0,0,0,0.0,0,0,0.00,0.01,0.01,1.57,2,5,1,3,2026-07-22T14:42:46.280637Z,100.0,25.0,445122,37,0,,,1,Jurriën,0.2,False,,2026-07-23T12:01:23.272929Z,,,1.0,Timber,,a,1,J.Timber,329,127,316,115,654,215,362,131,,,,,,,,,,,2,1,47.0,32.0,9.0,-38.0,50.0,125.0,-116.0,47.0
2026-08-18T18:33:02.795493Z,6,252265.0,AL XI,2766428.0,83.0,51073.0,48023.0,3.0,Aaron,Long,9.0,,True,6,0,0,0,0,0.0,0,0,0.0,0.0,0,0,0,0,0,0,0.0,0,0,0.00,0.00,0.00,0.00,0,0,0,0,2026-07-22T14:42:46.281401Z,0.0,0.0,462424,70,0,,,0,William,0.0,False,Back injury - Unknown return date,2026-07-23T12:01:23.289376Z,,,0.0,Saliba,,i,0,Saliba,642,215,645,215,639,214,644,215,,,,,,,,,,,2,1,48.0,75.0,22.0,-26.0,44.0,144.0,-122.0,49.0
,,,,,,,,,,,,,,7,0,0,37,2,40.2,1,0,7.0,21.6,271,0,0,0,0,0,16.0,0,4,0.16,0.23,0.39,1.02,5,8,1,14,2026-07-22T14:42:46.282212Z,,,499169,196,0,,,1,Myles,2.2,False,,,,,2.2,Lewis-Skelly,,a,9,Lewis-Skelly,252,105,129,81,175,90,221,101,,,,,,,,,,,3,1,,,,,,64.0,,
2026-08-18T18:08:53.747274Z,8,252262.0,Forrest FC,2766367.0,22.0,51073.0,48023.0,2.0,Sam,Forrest,3.0,,False,8,2,2,79,3,29.0,1,0,13.6,60.4,326,0,0,0,0,0,46.0,0,4,0.60,0.59,1.19,2.45,10,8,3,13,2026-07-22T14:42:46.282991Z,,,466075,144,0,,,6,Riccardo,7.0,False,,,,,7.0,Calafiori,,a,28,Calafiori,121,58,160,48,86,18,121,43,,,,,,,,,,,2,1,4.0,20.0,2.0,-2.0,26.0,5.0,-3.0,17.0
2026-08-18T18:44:25.330172Z,9,252267.0,Jeeves,2766449.0,104.0,51073.0,48023.0,4.0,James,Reeves,11.0,,False,9,0,0,6,0,1.0,0,0,1.0,6.4,32,0,0,0,0,0,2.0,0,0,0.00,0.00,0.00,0.28,2,0,1,3,2026-07-22T14:42:46.283708Z,,,448104,153,0,,,0,Piero,0.5,False,,,,,1.0,Hincapié,,a,2,Hincapie,327,126,336,124,308,117,348,127,,,,,,,,,,,2,1,45.0,94.0,30.0,-15.0,38.0,111.0,-81.0,41.0
2026-08-18T18:21:04.021495Z,10,252263.0,Jack Austin,2766398.0,53.0,51073.0,48023.0,3.0,Jack,Austin,6.0,,False,10,1,3,78,2,53.0,1,0,15.2,69.6,315,0,0,0,0,0,29.0,0,4,0.18,0.29,0.47,1.15,12,9,6,18,2026-07-22T14:42:46.284399Z,100.0,100.0,198869,184,0,,,1,Benjamin,5.2,False,,2026-07-23T12:01:23.305229Z,,,5.2,White,,a,21,White,98,44,83,20,125,35,97,30,,,,,,,,,,,2,1,7.0,48.0,13.0,6.0,21.0,16.0,-3.0,18.0
2026-08-18T18:32:51.215937Z,11,252260.0,selgar fc,2766426.0,81.0,51073.0,48023.0,1.0,Sam,Elgar,9.0,,False,11,0,0,52,2,2.0,0,0,2.7,24.6,168,0,0,0,0,0,0.0,0,2,0.00,0.01,0.01,0.53,10,3,0,10,2026-07-22T14:42:46.285107Z,50.0,50.0,500040,191,0,,,0,Cristhian,3.0,False,Muscular injury - 50% chance of playing,2026-09-04T14:00:08.080310Z,,,6.0,Mosquera,,d,12,Mosquera,241,99,313,113,612,211,304,113,,,,,,,,,,,2,1,22.0,73.0,20.0,-2.0,27.0,41.0,-21.0,25.0
2026-08-18T18:02:25.075364Z,12,252259.0,Brumtown bandits,2766350.0,5.0,51073.0,48023.0,5.0,louis,Doherty,1.0,,False,12,0,4,123,3,78.8,1,3,42.2,139.8,336,0,0,0,0,0,204.0,0,4,2.88,0.43,3.31,2.58,8,16,5,29,2026-07-22T14:42:46.285854Z,,,223340,3,0,,,8,Bukayo,7.5,True,,,,,7.5,Saka,,a,30,Saka,8,6,43,36,1,1,2,2,,,,,,,,,,,3,1,1.0,5.0,2.0,1.0,22.0,2.0,0.0,11.0
2026-08-18T18:04:45.618909Z,13,252264.0,Jack Busst,2766357.0,12.0,51073.0,48023.0,2.0,Jack,Busst,2.0,,False,13,2,0,78,3,90.3,1,0,20.4,109.6,321,0,0,0,0,0,4.0,0,4,0.10,0.63,0.73,2.19,16,13,5,34,2026-07-22T14:42:46.286550Z,,,204480,14,0,,,6,Declan,4.8,False,,,,,4.8,Rice,,a,19,Rice,29,13,33,29,293,143,48,35,,,,,,,,,,,3,1,14.0,11.0,6.0,-8.0,36.0,19.0,-13.0,20.0
2026-08-18T18:37:08.861022Z,14,252258.0,Paddy,2766436.0,91.0,51073.0,48023.0,1.0,Paddy,Farrell,10.0,,False,14,0,0,13,0,3.8,0,0,0.9,1.8,68,0,0,0,0,0,5.0,0,0,0.04,0.07,0.11,0.79,0,5,0,5,2026-07-22T14:42:46.287230Z,,,232413,42,0,,,1,Eberechi,0.8,False,,,,,1.0,Eze,,a,3,Eze,369,170,289,149,275,139,357,165,,,,,,,,,,,3,1,42.0,82.0,36.5,-5.5,33.0,124.0,-87.5,41.0
2026-08-18T18:17:29.265913Z,15,252349.0,Blaine,2766391.0,46.0,51073.0,48023.0,6.0,Blaine,Guiney,5.0,,False,15,0,6,127,3,160.7,1,2,35.1,121.8,305,0,0,0,0,0,68.0,0,4,1.01,1.30,2.31,2.46,4,11,6,21,2026-07-22T14:42:46.287930Z,,,184029,45,0,,,3,Martin,6.8,False,,,,,6.8,Ødegaard,,a,27,Ødegaard,16,11,4,4,52,33,10,8,,,,,,,,,,,3,1,7.0,42.0,17.0,10.0,13.0,8.0,9.0,8.0
2026-08-18T18:42:34.178031Z,16,252262.0,Forrest FC,2766447.0,102.0,51073.0,48023.0,2.0,Sam,Forrest,11.0,,False,16,0,0,11,0,43.9,0,0,5.6,11.6,23,0,0,0,0,0,0.0,0,0,0.00,0.05,0.05,0.15,0,2,1,3,2026-07-22T14:42:46.288602Z,,,248857,46,0,,,0,Noni,0.5,False,,,,,1.0,Madueke,,a,2,Madueke,287,121,113,73,650,290,246,111,,,,,,,,,,,3,1,45.0,92.0,42.0,-3.0,27.0,145.0,-103.0,45.0
,,,,,,,,,,,,,,17,0,0,15,0,3.4,0,0,2.4,6.6,51,0,0,0,0,0,14.0,1,0,0.14,0.02,0.16,0.26,0,6,0,6,2026-07-22T14:42:46.289326Z,,,195384,99,0,,,1,Mikel,0.8,False,,,,,0.8,Merino Zazón,,a,3,Merino,324,147,292,151,198,101,313,143,,,,,,,,,,,3,1,,,,,,125.0,,
,,,,,,,,,,,,,,18,0,0,0,0,0.0,0,0,0.0,0.0,0,0,0,0,0,0,0.0,0,0,0.00,0.00,0.00,0.00,0,0,0,0,2026-07-22T14:42:46.290105Z,0.0,0.0,444145,50,0,,,0,Gabriel,0.0,False,Has joined Al Hilal permanently,2026-09-04T12:34:46.738449Z,,,0.0,Martinelli Silva,,u,0,Martinelli,652,291,653,291,651,291,652,291,,,,,,,,,,,3,1,,,,,,189.0,,
,,,,,,,,,,,,,,19,0,0,14,0,4.2,0,0,2.9,13.4,59,0,0,0,0,0,11.0,0,0,0.08,0.04,0.12,0.68,4,3,4,11,2026-07-22T14:42:46.290759Z,,,481655,131,0,,,1,Martín,1.0,False,,,,,1.0,Zubimendi Ibáñez,,a,4,Zubimendi,277,116,282,147,216,109,297,134,,,,,,,,,,,3,1,,,,,,117.0,,
,,,,,,,,,,,,,,20,0,0,0,0,0.0,0,0,0.0,0.0,0,0,0,0,0,0,0.0,0,0,0.00,0.00,0.00,0.00,0,0,0,0,2026-07-22T14:42:46.291470Z,,,616077,205,0,,,0,Max,0.0,False,,,,,0.0,Dowman,,a,0,Dowman,612,263,616,266,597,255,617,265,,,,,,,,,,,3,1,,,,,,190.0,,
,,,,,,,,,,,,,,21,0,0,0,0,0.0,0,0,0.0,0.0,0,0,0,0,0,0,0.0,0,0,0.00,0.00,0.00,0.00,0,0,0,0,2026-07-22T14:42:46.292099Z,0.0,0.0,128295,346,0,,,0,Christian,0.0,False,Groin injury - Unknown return date,2026-08-15T20:00:06.779594Z,,,0.0,Nørgaard,,i,0,Nørgaard,534,213,534,220,493,192,539,215,,,,,,,,,,,3,9,,,,,,191.0,,
,,,,,,,,,,,,,,22,0,0,0,0,0.0,0,0,0.0,0.0,0,0,0,0,0,0,0.0,0,0,0.00,0.00,0.00,0.00,0,0,0,0,2026-07-22T14:42:46.292734Z,0.0,0.0,499175,212,0,,,0,Ethan,0.0,False,Has joined Borussia Dortmund on loan for the rest of the season,2026-09-02T16:01:07.058827Z,,,0.0,Nwaneri,,u,0,Nwaneri,623,271,626,273,611,265,627,272,,,,,,,,,,,3,1,,,,,,192.0,,
,,,,,,,,,,,,,,23,0,0,0,0,0.0,0,0,0.0,0.0,0,0,0,0,0,0,0.0,0,0,0.00,0.00,0.00,0.00,0,0,0,0,2026-07-22T14:42:46.293358Z,0.0,0.0,438098,214,0,,,0,Fábio,0.0,False,Has joined Hamburger SV permanently,2026-09-02T16:00:28.446370Z,,,0.0,Ferreira Vieira,,u,0,Fábio Vieira,632,276,638,278,625,271,636,277,,,,,,,,,,,3,1,,,,,,193.0,,
,,,,,,,,,,,,,,24,0,0,0,0,0.0,0,0,0.0,0.0,0,0,0,0,0,0,0.0,0,0,0.00,0.00,0.00,0.00,0,0,0,0,2026-07-22T14:42:46.294149Z,0.0,0.0,200641,209,0,,,0,Reiss,0.0,False,has departed the club as a free agent.,2026-08-29T00:33:08.556767Z,,,0.0,Nelson,,u,0,Nelson,629,273,634,275,620,267,633,274,,,,,,,,,,,3,1,,,,,,194.0,,
2026-08-18T18:06:38.460856Z,25,252259.0,Brumtown bandits,2766361.0,16.0,51073.0,48023.0,6.0,louis,Doherty,2.0,,False,25,0,0,2,0,0.1,0,0,0.0,0.0,12,0,0,0,0,0,0.0,0,0,0.00,0.00,0.00,0.11,0,1,0,1,2026-07-22T14:42:46.295045Z,,,224117,18,0,,,0,Viktor,0.2,False,,,,,1.0,Gyökeres,,a,1,Gyökeres,655,76,379,49,655,76,655,76,,,,,,,,,,,4,1,28.0,15.0,6.0,-22.0,29.0,44.0,-38.0,28.0
2026-08-18T18:04:15.764567Z,26,252258.0,Paddy,2766356.0,11.0,51073.0,48023.0,1.0,Paddy,Farrell,2.0,,False,26,0,2,77,3,66.0,1,2,28.7,84.2,347,0,0,0,0,0,137.0,1,4,0.89,0.35,1.24,2.60,4,6,0,10,2026-07-22T14:42:46.295836Z,,,219847,23,0,,,1,Kai,4.2,False,,,,,4.2,Havertz,,a,17,Havertz,72,6,57,3,6,4,20,5,,,,,,,,,,,4,1,6.0,10.0,4.5,-1.5,19.0,7.0,-2.5,14.0
,,,,,,,,,,,,,,27,0,0,0,0,0.0,0,0,0.0,0.0,0,0,0,0,0,0,0.0,0,0,0.00,0.00,0.00,0.00,0,0,0,0,2026-07-22T14:42:46.296590Z,0.0,0.0,205651,110,0,,,0,Gabriel,0.0,False,Has joined FC Barcelona permanently,2026-09-02T16:00:28.475184Z,,,0.0,Fernando de Jesus,,u,0,G.Jesus,639,72,643,76,636,73,642,75,,,,,,,,,,,4,1,,,,,,51.0,,
2026-08-18T18:47:19.430622Z,28,252258.0,Paddy,2766456.0,111.0,51073.0,48023.0,1.0,Paddy,Farrell,12.0,,False,28,0,0,54,0,20.0,7,0,13.9,119.0,270,0,0,0,0,15,0.0,0,3,0.00,0.01,0.01,4.84,1,31,0,0,2026-07-22T14:42:46.297532Z,,,98980,255,0,,,2,Emiliano,1.8,False,,,,,2.3,Martínez Romero,,a,7,Martinez,18,3,195,1,535,59,114,1,,,,,,,,,,,1,6,12.0,100.0,9.0,-3.0,14.0,15.0,-6.0,12.0
,,,,,,,,,,,,,,29,0,0,1,0,0.0,4,0,2.8,28.2,90,0,0,0,0,3,0.0,0,1,0.00,0.00,0.00,3.77,2,6,0,0,2026-07-22T14:42:46.298438Z,,,72147,489,0,,,0,Marco,0.2,False,,,,,1.0,Bizot,,a,1,M.Bizot,230,21,449,31,397,27,299,21,,,,,,,,,,,1,2,,,,,,23.0,,
,,,,,,,,,,,,,,30,0,0,0,0,0.0,0,0,0.0,0.0,0,0,0,0,0,0,0.0,0,0,0.00,0.00,0.00,0.00,0,0,0,0,2026-07-22T14:42:46.299236Z,0.0,0.0,101188,448,0,,,0,Lucas,0.0,False,Has joined Paris Saint-Germain permanently,2026-08-10T14:03:30.089007Z,,,0.0,Digne,,u,0,Digne,456,180,452,180,400,168,461,180,,,,,,,,,,,2,2,,,,,,145.0,,
2026-08-18T18:53:23.873263Z,31,252267.0,Jeeves,2766469.0,124.0,51073.0,48023.0,4.0,James,Reeves,13.0,,False,31,0,0,34,1,1.7,1,0,4.0,34.4,191,0,0,0,0,0,4.0,0,2,0.00,0.01,0.01,2.19,14,6,5,19,2026-07-22T14:42:46.299949Z,,,199798,446,0,,,6,Ezri,2.8,False,,,,,3.7,Konsa Ngoyo,,a,11,Konsa,210,89,321,116,281,103,277,105,,,,,,,,,,,2,1,25.0,112.0,39.0,14.0,13.0,45.0,-6.0,20.0
,,,,,,,,,,,,,,32,0,0,23,1,19.2,5,0,6.5,32.4,251,0,0,0,0,0,13.0,1,3,0.15,0.04,0.19,5.03,8,2,6,14,2026-07-22T14:42:46.300567Z,75.0,75.0,199796,440,0,,,0,Matty,1.8,False,Muscular injury - 75% chance of playing,2026-09-09T14:30:08.192142Z,,,2.3,Cash,,d,7,Cash,216,93,198,64,200,67,230,84,,,,,,,,,,,2,2,,,,,,71.0,,
,,,,,,,,,,,,,,33,0,0,33,1,5.0,2,0,5.4,32.4,171,0,0,0,0,0,17.0,1,1,0.20,0.02,0.22,2.87,8,4,3,11,2026-07-22T14:42:46.301256Z,,,149484,470,0,,,0,Tyrone,1.8,False,,,,,2.3,Mings,,a,7,Mings,215,92,272,96,169,53,249,91,,,,,,,,,,,2,2,,,,,,72.0,,
,,,,,,,,,,,,,,34,0,0,-4,0,1.9,5,0,1.5,11.2,187,0,0,0,0,0,2.0,0,3,0.00,0.01,0.01,4.79,8,9,1,9,2026-07-22T14:42:46.302024Z,75.0,,244954,463,0,,,1,Pau,0.8,False,Hamstring injury - 75% chance of playing,2026-09-12T18:00:08.712707Z,,,1.0,Torres,,d,3,Pau,290,118,314,114,300,113,333,120,,,,,,,,,,,2,2,,,,,,100.0,,
,,,,,,,,,,,,,,35,0,0,3,0,0.5,0,0,0.3,2.2,16,0,0,0,0,0,0.0,0,0,0.00,0.00,0.00,0.22,1,0,0,1,2026-07-22T14:42:46.302725Z,,,515597,316,0,,,0,Lamare,0.2,False,,,,,1.0,Bogarde,,a,1,Bogarde,364,167,356,176,577,241,378,175,,,,,,,,,,,3,2,,,,,,165.0,,
,,,,,,,,,,,,,,36,0,1,22,1,24.5,7,0,10.2,34.8,335,0,0,0,0,0,43.0,1,4,0.28,0.45,0.73,6.54,17,10,7,24,2026-07-22T14:42:46.303479Z,25.0,,441302,467,0,,,1,Ian,2.2,False,Ankle injury - 25% chance of playing,2026-09-12T18:00:08.729468Z,,,2.2,Maatsen,,d,9,Maatsen,207,88,175,56,90,20,169,65,,,,,,,,,,,2,2,,,,,,55.0,,
,,,,,,,,,,,,,,37,0,0,27,1,27.3,7,0,12.0,55.6,360,1,0,0,0,0,37.0,0,4,0.44,0.17,0.61,7.66,15,5,1,16,2026-07-22T14:42:46.304168Z,,,184667,481,0,,,1,Victor,1.8,False,,,,,1.8,Lindelöf,,a,7,Lindelöf,136,62,167,52,106,28,144,54,,,,,,,,,,,2,2,,,,,,73.0,,
,,,,,,,,,,,,,,38,0,0,0,0,0.0,0,0,0.0,0.0,0,0,0,0,0,0,0.0,0,0,0.00,0.00,0.00,0.00,0,0,0,0,2026-07-22T14:42:46.304772Z,,,606798,585,0,,,0,Andrés,0.0,False,,,,,0.0,García,,a,0,A.García,440,171,434,171,377,155,445,171,,,,,,,,,,,2,2,,,,,,146.0,,
,,,,,,,,,,,,,,39,0,0,0,0,0.0,0,0,0.0,0.0,0,0,0,0,0,0,0.0,0,0,0.00,0.00,0.00,0.00,0,0,0,0,2026-07-22T14:42:46.305368Z,0.0,0.0,578545,594,0,,,0,Kosta,0.0,False,Has joined Rangers on loan for the rest of the season,2026-08-19T13:56:46.385411Z,,,0.0,Nedeljkovic,,u,0,Nedeljkovic,438,170,432,170,374,153,443,170,,,,,,,,,,,2,2,,,,,,147.0,,
2026-08-18T18:07:18.176116Z,40,252265.0,AL XI,2766363.0,18.0,51073.0,48023.0,8.0,Aaron,Long,2.0,,False,40,1,2,118,0,119.5,9,3,37.8,149.0,347,0,0,0,0,0,110.0,1,4,1.39,1.16,2.55,6.08,1,17,5,23,2026-07-22T14:42:46.306108Z,,,244850,16,0,,,8,Morgan,6.8,False,,,,,6.8,Rogers,,a,27,Rogers,6,4,14,13,17,9,5,5,,,,,,,,,,,3,6,8.0,17.0,10.0,2.0,21.0,9.0,1.0,10.0
2026-08-18T18:38:09.773869Z,41,252266.0,seans team,2766439.0,94.0,51073.0,48023.0,4.0,sean,kelly,10.0,,False,41,0,0,23,1,44.2,6,0,6.4,5.0,311,0,0,0,0,0,24.0,0,4,0.78,0.17,0.95,6.30,3,14,2,19,2026-07-22T14:42:46.306923Z,,,195546,85,0,,,2,Emiliano,2.2,False,,,,,2.2,Buendía Stati,,a,9,Buendía,338,154,111,71,139,71,233,104,,,,,,,,,,,3,2,29.0,85.0,39.0,10.0,14.0,65.0,-26.0,26.0
,,,,,,,,,,,,,,42,0,0,6,0,2.1,1,0,1.5,5.4,54,0,0,0,0,0,7.0,0,0,0.03,0.03,0.06,0.34,1,0,1,2,2026-07-22T14:42:46.307647Z,,,485337,186,0,,,0,Evann,0.5,False,,,,,1.0,Guessand,,a,2,Guessand,332,151,312,158,249,126,336,154,,,,,,,,,,,3,8,,,,,,146.0,,
2026-08-18T18:44:07.234299Z,43,252265.0,AL XI,2766448.0,103.0,51073.0,48023.0,3.0,Aaron,Long,11.0,,True,43,0,0,71,0,90.3,7,0,19.7,69.0,312,0,0,0,0,0,37.0,0,4,0.56,0.32,0.88,4.54,9,17,4,30,2026-07-22T14:42:46.308442Z,100.0,100.0,166989,98,0,,,2,Youri,2.5,False,,2026-07-23T12:01:23.321726Z,,,2.5,Tielemans,,a,10,Tielemans,100,33,32,28,109,59,54,39,,,,,,,,,,,3,16,28.0,93.0,43.0,15.0,8.0,60.0,-17.0,23.0
,,,,,,,,,,,,,,44,0,0,0,0,0.0,0,0,0.0,0.0,0,0,0,0,0,0,0.0,0,0,0.00,0.00,0.00,0.00,0,0,0,0,2026-07-22T14:42:46.309156Z,0.0,0.0,215711,201,0,,,0,Leon,0.0,False,Has joined Olympiakos permanently,2026-09-04T12:35:14.472260Z,,,0.0,Bailey,,u,0,Bailey,617,266,621,269,604,260,622,268,,,,,,,,,,,3,2,,,,,,195.0,,
,,,,,,,,,,,,,,45,1,1,46,1,51.4,7,0,9.1,29.4,351,0,0,0,0,0,15.0,2,4,0.77,0.20,0.97,7.51,6,13,5,24,2026-07-22T14:42:46.309965Z,,,122806,147,0,,,6,John,2.8,False,,,,,2.8,McGinn,,a,11,McGinn,227,91,92,62,189,97,188,88,,,,,,,,,,,3,2,,,,,,55.0,,
,,,,,,,,,,,,,,46,0,0,63,1,81.5,6,0,15.5,41.8,302,0,0,0,0,0,31.0,0,4,0.38,0.14,0.52,6.58,4,13,7,24,2026-07-22T14:42:46.310816Z,,,88894,301,0,,,2,Ross,2.2,False,,,,,2.2,Barkley,,a,9,Barkley,176,68,40,34,121,63,94,52,,,,,,,,,,,3,2,,,,,,66.0,,
,,,,,,,,,,,,,,47,0,0,59,1,55.6,7,0,10.5,47.0,360,0,0,0,0,0,2.0,0,4,0.00,0.15,0.15,7.66,10,13,7,30,2026-07-22T14:42:46.311619Z,100.0,100.0,226944,297,0,,,2,Boubacar,2.2,False,,2026-07-23T12:01:23.337269Z,,,2.2,Kamara,,a,9,Kamara,165,62,79,57,306,150,167,80,,,,,,,,,,,3,2,,,,,,67.0,,
,,,,,,,,,,,,,,48,0,0,0,0,0.0,0,0,0.0,0.0,0,0,0,0,0,0,0.0,0,0,0.00,0.00,0.00,0.00,0,0,0,0,2026-07-22T14:42:46.312415Z,0.0,0.0,449871,281,0,,,0,Amadou,0.0,False,Knee injury - Unknown return date,2026-07-23T12:01:23.352497Z,,,0.0,Onana,,i,0,Onana,550,224,549,230,512,204,555,226,,,,,,,,,,,3,2,,,,,,196.0,,
,,,,,,,,,,,,,,49,0,0,0,0,0.0,0,0,0.0,0.0,0,0,0,0,0,0,0.0,0,0,0.00,0.00,0.00,0.00,0,0,0,0,2026-07-22T14:42:46.313229Z,0.0,0.0,469247,360,0,,,0,Samuel,0.0,False,Has joined Bolton Wanderers on loan for the rest of the season,2026-08-17T13:52:28.532616Z,,,0.0,Iling-Junior,,u,0,Iling Jr,582,245,588,250,560,232,587,247,,,,,,,,,,,3,2,,,,,,197.0,,
,,,,,,,,,,,,,,50,0,0,0,0,0.0,0,0,0.0,0.0,0,0,0,0,0,0,0.0,0,0,0.00,0.00,0.00,0.00,0,0,0,0,2026-07-22T14:42:46.314070Z,,,645618,512,0,,,0,Bradley,0.0,False,,,,,0.0,Burrowes,,a,0,Burrowes,522,206,521,213,480,185,527,208,,,,,,,,,,,3,2,,,,,,198.0,,
,,,,,,,,,,,,,,51,0,0,32,1,40.9,5,0,9.1,25.2,279,0,0,0,0,0,25.0,0,4,0.07,0.16,0.23,5.39,3,10,6,19,2026-07-22T14:42:46.314821Z,,,577285,505,0,,,1,George,2.0,False,,,,,2.0,Hemmings,,a,8,George Hemmings,236,97,126,79,133,67,187,87,,,,,,,,,,,3,2,,,,,,76.0,,
,,,,,,,,,,,,,,52,0,0,34,0,4.9,2,1,7.0,39.8,87,0,0,0,0,0,25.0,1,0,0.06,0.00,0.06,2.40,2,4,2,8,2026-07-22T14:42:46.315518Z,,,653481,351,0,,,6,Alysson Edward Franco,2.0,False,,,,,2.0,da Rocha dos Santos,,a,8,Alysson,184,73,275,144,135,69,219,100,,,,,,,,,,,3,2,,,,,,77.0,,
2026-08-18T18:49:55.019866Z,53,252259.0,Brumtown bandits,2766461.0,116.0,51073.0,48023.0,6.0,louis,Doherty,12.0,,False,53,0,0,3,0,4.0,1,0,0.7,2.6,27,0,0,0,0,0,0.0,0,0,0.00,0.08,0.08,0.86,0,1,1,2,2026-07-22T14:42:46.316239Z,100.0,50.0,614071,111,0,,,1,Johan,0.2,False,,2026-08-15T15:30:06.388335Z,,,1.0,Manzambi,,a,1,Manzambi,361,165,284,148,643,285,364,169,,,,,,,,,,,3,2,47.0,105.0,48.0,1.0,23.0,166.0,-118.0,46.0
,,,,,,,,,,,,,,54,0,0,-2,0,11.0,4,0,1.2,1.0,39,0,0,0,1,0,0.0,0,1,0.00,0.01,0.01,2.58,1,2,4,7,2026-07-22T14:42:46.316936Z,100.0,0.0,448089,156,0,,,0,Joao,-0.5,False,,2026-08-23T17:30:08.367415Z,,,-2.0,Gomes,,a,-2,Gomes,380,176,241,127,626,272,347,160,,,,,,,,,,,3,2,,,,,,295.0,,
2026-08-18T18:04:01.728701Z,55,252258.0,Paddy,2766355.0,10.0,51073.0,48023.0,10.0,Paddy,Farrell,1.0,,False,55,0,0,0,0,0.0,0,0,0.0,0.0,0,0,0,0,0,0,0.0,0,0,0.00,0.00,0.00,0.00,0,0,0,0,2026-07-22T14:42:46.317705Z,0.0,0.0,178301,11,0,,,0,Ollie,0.0,False,Has joined Al Hilal permanently,2026-09-01T13:15:16.698799Z,,,0.0,Watkins,,u,0,Watkins,659,78,659,78,659,78,659,78,,,,,,,,,,,4,2,29.0,10.0,4.5,-24.5,30.0,52.0,-47.5,29.0
,,,,,,,,,,,,,,56,0,0,10,0,3.8,2,0,0.9,3.2,69,0,0,0,0,0,2.0,0,0,0.00,0.00,0.00,2.26,0,1,1,2,2026-07-22T14:42:46.318651Z,100.0,100.0,173879,199,0,,,1,Tammy,0.8,False,,2026-08-15T16:00:07.558543Z,,,1.0,Abraham,,a,3,Abraham,356,37,288,36,313,42,356,40,,,,,,,,,,,4,2,,,,,,31.0,,
2026-08-18T18:30:03.991861Z,57,252349.0,Blaine,2766420.0,75.0,51073.0,48023.0,5.0,Blaine,Guiney,8.0,,False,57,0,0,33,0,0.0,7,0,7.4,74.0,360,0,0,0,0,9,0.0,0,4,0.00,0.00,0.00,5.30,6,31,0,0,2026-07-22T14:42:46.319502Z,,,457569,428,0,,,1,Đorđe,1.8,False,,,,,1.8,Petrović,,a,7,Petrović,86,17,475,46,428,42,212,17,,,,,,,,,,,1,3,13.0,68.0,6.0,-7.0,20.0,16.0,-10.0,16.0
,,,,,,,,,,,,,,58,0,0,0,0,0.0,0,0,0.0,0.0,0,0,0,0,0,0,0.0,0,0,0.00,0.00,0.00,0.00,0,0,0,0,2026-07-22T14:42:46.320247Z,,,40383,595,0,,,0,Fraser,0.0,False,,,,,0.0,Forster,,a,0,Forster,391,25,383,6,322,2,395,25,,,,,,,,,,,1,3,,,,,,26.0,,
,,,,,,,,,,,,,,59,0,0,0,0,0.0,0,0,0.0,0.0,0,0,0,0,0,0,0.0,0,0,0.00,0.00,0.00,0.00,0,0,0,0,2026-07-22T14:42:46.321013Z,0.0,0.0,444172,596,0,,,0,Will,0.0,False,Has joined MK Dons permanently,2026-08-27T14:53:48.692835Z,,,0.0,Dennis,,u,0,Dennis,414,40,408,21,348,17,419,40,,,,,,,,,,,1,3,,,,,,27.0,,
2026-08-18T18:51:56.858314Z,60,252260.0,selgar fc,2766466.0,121.0,51073.0,48023.0,1.0,Sam,Elgar,13.0,,False,60,0,0,28,0,64.2,7,0,14.6,76.0,360,0,0,0,0,0,6.0,1,4,0.00,0.77,0.77,5.30,30,8,5,35,2026-07-22T14:42:46.321694Z,,,463981,142,0,,,2,James,2.0,False,,,,,2.0,Hill,,a,8,Hill,82,36,62,10,262,95,105,36,,,,,,,,,,,2,3,29.0,109.0,37.5,8.5,19.0,59.0,-21.5,27.0
2026-08-18T18:30:16.682093Z,61,252259.0,Brumtown bandits,2766421.0,76.0,51073.0,48023.0,6.0,louis,Doherty,8.0,,False,61,0,2,47,0,58.7,7,0,18.6,92.0,360,0,0,0,0,0,34.0,1,4,0.09,0.23,0.32,5.30,23,21,15,38,2026-07-22T14:42:46.322412Z,,,494521,117,0,,,3,Adrien,2.0,False,,,,,2.0,Truffert,,a,8,Truffert,59,22,72,14,117,31,67,12,,,,,,,,,,,2,3,30.0,69.0,19.0,-11.0,36.0,60.0,-41.0,32.0
,,,,,,,,,,,,,,62,0,0,0,0,0.0,0,0,0.0,0.0,0,0,0,0,0,0,0.0,0,0,0.00,0.00,0.00,0.00,0,0,0,0,2026-07-22T14:42:46.323145Z,,,242882,312,0,,,0,Bafodé,0.0,False,,,,,0.0,Diakité,,a,0,Diakité,577,207,581,207,552,204,582,207,,,,,,,,,,,2,3,,,,,,148.0,,
,,,,,,,,,,,,,,63,0,0,0,0,0.0,0,0,0.0,0.0,0,0,0,0,0,0,0.0,0,0,0.00,0.00,0.00,0.00,0,0,0,0,2026-07-22T14:42:46.324093Z,0.0,0.0,620487,330,0,,,0,Veljko,0.0,False,Thigh injury - Unknown return date,2026-08-06T10:00:10.456051Z,,,0.0,Milosavljevic,,i,0,Milosavljević,561,203,562,203,528,200,566,203,,,,,,,,,,,2,3,,,,,,149.0,,
,,,,,,,,,,,,,,64,0,0,11,0,43.6,7,0,9.1,43.6,360,0,0,0,0,0,4.0,3,4,0.01,0.07,0.08,5.30,16,13,5,21,2026-07-22T14:42:46.325104Z,,,54469,465,0,,,0,Adam,0.5,False,,,,,0.5,Smith,,a,2,Smith,172,72,115,31,280,102,186,71,,,,,,,,,,,2,3,,,,,,112.0,,
,,,,,,,,,,,,,,65,0,0,0,0,0.0,0,0,0.0,0.0,0,0,0,0,0,0,0.0,0,0,0.00,0.00,0.00,0.00,0,0,0,0,2026-07-22T14:42:46.326134Z,0.0,0.0,436893,521,0,,,0,Julián,0.0,False,Thigh injury - Unknown return date,2026-08-09T08:00:05.645826Z,,,0.0,Araujo Zúñiga,,i,0,J.Araujo,449,178,443,178,389,164,454,178,,,,,,,,,,,2,3,,,,,,150.0,,
,,,,,,,,,,,,,,66,0,0,0,0,0.0,0,0,0.0,0.0,0,0,0,0,0,0,0.0,0,0,0.00,0.00,0.00,0.00,0,0,0,0,2026-07-22T14:42:46.326921Z,100.0,100.0,575901,586,0,,,0,Julio,0.0,False,,2026-08-15T16:30:07.021055Z,,,0.0,Soler Barreto,,a,0,Soler,435,167,429,167,371,150,440,167,,,,,,,,,,,2,3,,,,,,151.0,,
2026-08-18T18:24:18.498532Z,67,252260.0,selgar fc,2766406.0,61.0,51073.0,48023.0,1.0,Sam,Elgar,7.0,,False,67,0,0,28,0,33.5,6,0,14.7,22.0,347,0,0,0,0,0,91.0,0,4,0.87,0.08,0.95,4.95,5,3,3,11,2026-07-22T14:42:46.327636Z,,,499604,48,0,,,2,Rayan Vitor,2.0,False,,,,,2.0,Simplício Rocha,,a,8,Rayan,249,104,144,89,25,14,104,55,,,,,,,,,,,3,3,31.0,55.0,26.5,-4.5,30.0,78.0,-51.5,31.0
2026-08-18T18:25:49.431366Z,68,252262.0,Forrest FC,2766407.0,62.0,51073.0,48023.0,2.0,Sam,Forrest,7.0,,False,68,0,8,139,0,127.0,7,3,42.1,151.0,350,0,0,0,0,0,143.0,2,4,1.70,0.81,2.51,5.14,5,23,8,36,2026-07-22T14:42:46.328316Z,,,201658,71,0,,,8,Marcus,7.2,True,,,,,7.2,Tavernier,,a,29,Tavernier,5,3,10,9,5,2,3,3,,,,,,,,,,,3,3,3.0,56.0,28.0,25.0,5.0,4.0,24.0,3.0
2026-08-18T18:39:00.312984Z,69,252265.0,AL XI,2766443.0,98.0,51073.0,48023.0,8.0,Aaron,Long,10.0,,True,69,2,5,112,1,105.9,6,1,24.3,94.6,356,0,0,0,0,0,43.0,1,4,0.52,0.35,0.87,5.17,15,28,9,52,2026-07-22T14:42:46.329119Z,,,503139,73,0,,,4,Alex,7.0,False,,,,,7.0,Scott,,a,28,Scott,52,22,24,22,93,52,31,22,,,,,,,,,,,3,3,6.0,89.0,40.0,34.0,1.0,7.0,33.0,1.0
,,,,,,,,,,,,,,70,0,1,64,2,46.5,3,1,22.5,62.2,294,0,0,0,0,0,120.0,1,4,0.99,0.08,1.07,4.48,2,16,4,22,2026-07-22T14:42:46.329796Z,,,222683,105,0,,,8,Justin,3.8,False,,,,,3.8,Kluivert,,a,15,Kluivert,115,36,101,67,14,8,39,28,,,,,,,,,,,3,3,,,,,,36.0,,
,,,,,,,,,,,,,,71,0,0,22,2,15.5,1,0,2.5,9.0,165,0,0,0,0,0,0.0,1,2,0.00,0.01,0.01,3.95,6,5,1,12,2026-07-22T14:42:46.330483Z,,,155408,317,0,,,0,Lewis,1.8,False,,,,,1.8,Cook,,a,7,Cook,306,134,209,116,540,224,309,140,,,,,,,,,,,3,3,,,,,,90.0,,
,,,,,,,,,,,,,,72,0,0,12,0,2.1,1,0,2.0,3.8,10,0,0,0,0,0,14.0,0,0,0.12,0.03,0.15,0.35,0,5,2,7,2026-07-22T14:42:46.331243Z,,,496208,342,0,,,1,Ben,0.8,False,,,,,1.0,Gannon-Doak,,a,3,Gannon-Doak,348,159,311,157,194,99,325,148,,,,,,,,,,,3,3,,,,,,126.0,,
,,,,,,,,,,,,,,73,0,0,39,0,19.3,6,0,5.7,30.4,192,0,0,0,0,0,7.0,0,2,0.03,0.03,0.06,1.34,7,16,5,28,2026-07-22T14:42:46.332081Z,100.0,100.0,200785,280,0,,,2,Tyler,2.0,False,,2026-08-15T16:30:07.029928Z,,,2.0,Adams,,a,8,Adams,223,87,197,110,247,124,245,110,,,,,,,,,,,3,3,,,,,,79.0,,
,,,,,,,,,,,,,,74,0,0,4,0,1.9,2,0,0.8,4.2,30,0,0,0,0,0,2.0,1,0,0.00,0.01,0.01,0.50,2,1,0,3,2026-07-22T14:42:46.332866Z,100.0,100.0,111317,299,0,,,0,David,0.5,False,,2026-08-15T16:30:07.037929Z,,,0.7,Brooks,,a,2,Brooks,345,157,315,159,304,149,360,167,,,,,,,,,,,3,3,,,,,,147.0,,
,,,,,,,,,,,,,,75,0,0,15,0,14.7,1,0,2.8,9.4,28,0,0,0,0,0,4.0,0,0,0.00,0.12,0.12,0.24,3,5,1,9,2026-07-22T14:42:46.333750Z,100.0,100.0,158499,310,0,,,1,Ryan,0.8,False,,2026-07-24T17:30:10.035483Z,,,1.0,Christie,,a,3,Christie,303,132,216,119,284,140,300,136,,,,,,,,,,,3,3,,,,,,127.0,,
,,,,,,,,,,,,,,76,0,0,5,0,0.6,2,0,0.3,2.8,15,0,0,0,0,0,0.0,0,0,0.00,0.00,0.00,0.31,0,1,1,2,2026-07-22T14:42:46.334509Z,,,614574,344,0,,,0,Alex,0.2,False,,,,,1.0,Tóth,,a,1,Tóth.A,360,164,352,173,587,250,380,177,,,,,,,,,,,3,3,,,,,,167.0,,
,,,,,,,,,,,,,,77,0,0,0,0,0.0,0,0,0.0,0.0,0,0,0,0,0,0,0.0,0,0,0.00,0.00,0.00,0.00,0,0,0,0,2026-07-22T14:42:46.335547Z,0.0,0.0,489888,290,0,,,0,Amine,0.0,False,Calf injury - Unknown return date,2026-08-15T16:00:07.590566Z,,,0.0,Adli,,i,0,Adli,553,227,553,233,516,207,558,229,,,,,,,,,,,3,3,,,,,,199.0,,
,,,,,,,,,,,,,,78,0,0,0,0,0.0,0,0,0.0,0.0,0,0,0,0,0,0,0.0,0,0,0.00,0.00,0.00,0.00,0,0,0,0,2026-07-22T14:42:46.336654Z,0.0,0.0,560262,22,0,,,0,Junior,0.0,False,Foot injury - Expected back 7 Nov,2026-07-29T17:30:09.796802Z,,,0.0,Kroupi,,i,0,Kroupi.Jr,658,295,658,295,658,295,658,295,,,,,,,,,,,3,3,,,,,,200.0,,
2026-08-18T18:16:01.218102Z,79,252262.0,Forrest FC,2766387.0,42.0,51073.0,48023.0,2.0,Sam,Forrest,5.0,,False,79,3,0,54,2,79.2,4,0,18.8,60.4,334,0,0,0,0,0,49.0,1,4,0.71,0.51,1.22,4.80,10,11,1,22,2026-07-22T14:42:46.337620Z,,,444102,80,0,,,5,Francisco Evanilson,4.0,False,,,,,4.0,de Lima Barbosa,,a,16,Evanilson,122,7,42,2,80,21,65,11,,,,,,,,,,,4,3,7.0,38.0,14.0,7.0,8.0,8.0,6.0,5.0
,,,,,,,,,,,,,,80,0,0,0,0,0.0,0,0,0.0,0.0,0,0,0,0,0,0,0.0,0,0,0.00,0.00,0.00,0.00,0,0,0,0,2026-07-22T14:42:46.338434Z,0.0,0.0,168636,197,0,,,0,Enes,0.0,False,Has joined Getafe permanently,2026-08-14T14:14:21.881112Z,,,0.0,Ünal,,u,0,Enes Ünal,627,71,632,75,618,72,631,74,,,,,,,,,,,4,3,,,,,,53.0,,
,,,,,,,,,,,,,,81,0,0,7,0,0.5,1,0,0.1,0.0,10,0,0,0,0,0,0.0,0,0,0.00,0.00,0.00,0.18,0,1,0,1,2026-07-22T14:42:46.339260Z,100.0,100.0,561245,112,0,,,1,Álvaro,0.5,False,,2026-08-15T16:30:07.054142Z,,,1.0,Rodríguez,,a,2,Rodríguez,649,75,358,45,647,75,391,46,,,,,,,,,,,4,3,,,,,,37.0,,
2026-08-18T18:31:56.685076Z,82,252262.0,Forrest FC,2766424.0,79.0,51073.0,48023.0,9.0,Sam,Forrest,8.0,,False,82,0,0,70,1,0.0,4,0,10.1,101.6,360,0,0,0,0,15,0.0,0,4,0.00,0.01,0.01,5.49,5,26,0,0,2026-07-22T14:42:46.340117Z,,,200720,245,0,,,3,Caoimhín,3.5,False,,,,,3.5,Kelleher,,a,14,Kelleher,41,6,572,63,543,62,173,6,,,,,,,,,,,1,4,9.0,72.0,7.0,-2.0,12.0,10.0,-3.0,9.0
,,,,,,,,,,,,,,83,0,0,0,0,0.0,0,0,0.0,0.0,0,0,0,0,0,0,0.0,0,0,0.00,0.00,0.00,0.00,0,0,0,0,2026-07-22T14:42:46.341089Z,,,507433,513,0,,,0,Hákon Rafn,0.0,False,,,,,0.0,Valdimarsson,,a,0,Valdimarsson,485,61,485,48,441,46,490,61,,,,,,,,,,,1,4,,,,,,28.0,,
,,,,,,,,,,,,,,84,0,0,39,1,22.4,1,0,11.4,40.6,196,0,0,0,0,0,51.0,1,3,0.51,0.05,0.56,2.13,15,11,2,17,2026-07-22T14:42:46.341914Z,0.0,0.0,432830,132,0,,,0,Nathan,2.5,False,Calf injury - Unknown return date,2026-09-05T18:00:06.182495Z,,,3.3,Collins,,i,10,Collins,180,76,184,60,74,13,149,56,,,,,,,,,,,2,4,,,,,,48.0,,
,,,,,,,,,,,,,,85,0,0,0,0,0.0,0,0,0.0,0.0,0,0,0,0,0,0,0.0,0,0,0.00,0.00,0.00,0.00,0,0,0,0,2026-07-22T14:42:46.342694Z,0.0,0.0,444765,259,0,,,0,Sepp,0.0,False,Groin injury - Unknown return date,2026-08-15T15:30:06.416627Z,,,0.0,van den Berg,,i,0,Van den Berg,548,202,547,201,510,198,553,202,,,,,,,,,,,2,4,,,,,,152.0,,
,,,,,,,,,,,,,,86,1,3,70,1,94.2,4,1,23.7,94.6,326,0,0,0,0,0,49.0,0,4,1.06,0.78,1.84,4.99,12,12,5,29,2026-07-22T14:42:46.343365Z,,,249231,137,0,,,1,Keane,4.8,False,,,,,4.8,Lewis-Potter,,a,19,Lewis-Potter,51,21,28,26,79,45,33,24,,,,,,,,,,,3,4,,,,,,20.0,,
,,,,,,,,,,,,,,87,0,0,44,1,22.7,4,0,15.3,84.8,360,0,0,0,0,0,45.0,1,4,0.13,0.03,0.16,5.49,37,8,4,41,2026-07-22T14:42:46.344091Z,,,191866,457,0,,,1,Kristoffer,3.5,False,,,,,3.5,Ajer,,a,14,Ajer,69,31,180,59,87,19,96,29,,,,,,,,,,,2,4,,,,,,33.0,,
,,,,,,,,,,,,,,88,0,1,52,1,31.9,1,1,14.9,61.2,226,0,0,0,0,0,56.0,0,3,0.55,0.36,0.91,2.69,13,12,1,14,2026-07-22T14:42:46.344867Z,,,607464,441,0,,,1,Michael,4.2,False,,,,,4.2,Kayode,,a,17,Kayode,120,57,153,46,63,8,100,33,,,,,,,,,,,2,4,,,,,,25.0,,
,,,,,,,,,,,,,,89,0,0,3,0,0.0,0,0,0.0,0.0,2,0,0,0,0,0,0.0,0,0,0.00,0.00,0.00,0.00,0,0,0,0,2026-07-22T14:42:46.345596Z,,,194010,469,0,,,0,Rico,0.2,False,,,,,1.0,Henry,,a,1,Henry,448,177,442,177,387,162,453,177,,,,,,,,,,,2,4,,,,,,126.0,,
,,,,,,,,,,,,,,90,0,0,12,0,7.5,3,0,3.5,21.6,131,0,0,0,0,0,6.0,0,1,0.03,0.05,0.08,2.79,9,8,4,13,2026-07-22T14:42:46.346300Z,,,472713,478,0,,,1,Aaron,1.0,False,,,,,1.0,Hickey,,a,4,Hickey,251,105,257,91,255,92,291,111,,,,,,,,,,,2,4,,,,,,92.0,,
,,,,,,,,,,,,,,91,0,0,-9,0,1.4,7,0,5.2,40.0,192,0,0,0,0,0,10.0,1,2,0.12,0.00,0.12,5.47,22,3,3,25,2026-07-22T14:42:46.347097Z,,,231065,492,0,,,2,Ethan,1.5,False,,,,,2.0,Pinnock,,a,6,Pinnock,183,77,326,119,221,76,254,94,,,,,,,,,,,2,7,,,,,,82.0,,
,,,,,,,,,,,,,,92,0,0,0,0,0.0,0,0,0.0,0.0,0,0,0,0,0,0,0.0,0,0,0.00,0.00,0.00,0.00,0,0,0,0,2026-07-22T14:42:46.347904Z,,,570241,522,0,,,0,Kim,0.0,False,,,,,0.0,Ji-soo,,a,0,Ji-soo,502,193,501,193,458,186,507,193,,,,,,,,,,,2,4,,,,,,153.0,,
,,,,,,,,,,,,,,93,0,0,16,0,0.7,3,0,5.2,39.4,163,0,0,0,0,0,12.0,0,1,0.10,0.02,0.12,3.36,20,3,2,22,2026-07-22T14:42:46.348752Z,,,513086,523,0,,,3,Jannik,1.8,False,,,,,3.5,Schuster,,a,7,Schuster,187,78,346,130,205,69,255,95,,,,,,,,,,,2,4,,,,,,74.0,,
2026-08-18T18:34:00.268097Z,94,252349.0,Blaine,2766431.0,86.0,51073.0,48023.0,6.0,Blaine,Guiney,9.0,,False,94,0,6,111,1,44.5,4,3,30.8,134.8,357,0,0,0,0,0,129.0,0,4,0.98,0.30,1.28,5.49,4,17,6,27,2026-07-22T14:42:46.349699Z,,,513418,77,0,,,15,Kevin,7.5,True,,,,,7.5,Schade,,a,30,Schade,10,7,109,69,9,4,15,12,,,,,,,,,,,3,4,2.0,78.0,34.0,32.0,2.0,3.0,31.0,2.0
2026-08-18T18:25:49.525913Z,95,252265.0,AL XI,2766408.0,63.0,51073.0,48023.0,3.0,Aaron,Long,7.0,,True,95,0,0,32,1,59.3,1,0,10.8,25.2,170,0,0,0,0,0,23.0,0,2,0.09,0.39,0.48,2.68,9,17,2,28,2026-07-22T14:42:46.350615Z,,,533463,38,0,,,1,Dango,1.5,False,,,,,1.5,Ouattara,,a,6,O.Dango,237,98,71,54,145,74,162,78,,,,,,,,,,,3,4,35.0,57.0,29.0,-6.0,34.0,96.0,-67.0,35.0
,,,,,,,,,,,,,,96,1,3,59,1,95.0,1,0,16.6,34.2,197,0,0,0,0,0,37.0,0,2,0.13,0.45,0.58,2.36,4,14,3,21,2026-07-22T14:42:46.351358Z,,,440089,139,0,,,1,Mikkel,3.2,False,,,,,3.2,Damsgaard,,a,13,Damsgaard,212,84,27,25,108,58,81,49,,,,,,,,,,,3,4,,,,,,42.0,,
,,,,,,,,,,,,,,97,1,0,22,1,46.2,0,0,7.2,12.6,66,0,0,0,0,0,13.0,0,1,0.08,0.34,0.42,0.47,0,3,2,5,2026-07-22T14:42:46.352132Z,0.0,0.0,207283,149,0,,,0,Mathias,1.5,False,Unspecified injury - Expected back 18 Sep,2026-08-30T12:30:08.176795Z,,,6.0,Jensen,,i,6,Jensen,282,119,103,68,203,103,216,98,,,,,,,,,,,3,4,,,,,,97.0,,
,,,,,,,,,,,,,,98,0,3,96,1,91.7,4,2,28.3,146.0,360,0,0,0,0,0,45.0,3,4,0.50,0.40,0.90,5.49,25,16,14,55,2026-07-22T14:42:46.352818Z,,,204580,283,0,,,4,Vitaly,6.2,False,,,,,6.2,Janelt,,a,25,Janelt,7,5,31,27,88,48,23,16,,,,,,,,,,,3,4,,,,,,14.0,,
,,,,,,,,,,,,,,99,0,0,0,0,0.0,0,0,0.0,0.0,0,0,0,0,0,0,0.0,0,0,0.00,0.00,0.00,0.00,0,0,0,0,2026-07-22T14:42:46.353591Z,0.0,0.0,543295,357,0,,,0,Antoni,0.0,False,Knee injury - Unknown return date,2026-07-23T12:01:23.384798Z,,,0.0,Milambo,,i,0,Milambo,599,255,606,260,581,245,604,257,,,,,,,,,,,3,4,,,,,,201.0,,
,,,,,,,,,,,,,,100,0,0,0,0,0.0,0,0,0.0,0.0,0,0,0,0,0,0,0.0,0,0,0.00,0.00,0.00,0.00,0,0,0,0,2026-07-22T14:42:46.354354Z,100.0,100.0,244858,334,0,,,0,Fábio,0.0,False,,2026-08-18T13:58:17.442072Z,,,0.0,Freitas Gouveia Carvalho,,a,0,Carvalho,578,243,582,248,553,229,583,245,,,,,,,,,,,3,4,,,,,,202.0,,
,,,,,,,,,,,,,,101,0,0,0,0,0.0,0,0,0.0,0.0,0,0,0,0,0,0,0.0,0,0,0.00,0.00,0.00,0.00,0,0,0,0,2026-07-22T14:42:46.355063Z,0.0,0.0,56979,282,0,,,0,Jordan,0.0,False,Wrist injury - Unknown return date,2026-08-09T09:30:07.136250Z,,,0.0,Henderson,,i,0,Henderson,530,212,530,219,489,191,535,214,,,,,,,,,,,3,6,,,,,,203.0,,
,,,,,,,,,,,,,,102,1,0,31,0,39.5,4,0,8.3,29.6,148,0,0,0,0,0,13.0,1,1,0.07,0.24,0.31,4.03,4,9,3,16,2026-07-22T14:42:46.355799Z,,,508395,265,0,,,4,Yehor,1.5,False,,,,,1.5,Yarmoliuk,,a,6,Yarmoliuk,225,89,131,83,201,102,200,93,,,,,,,,,,,3,4,,,,,,98.0,,
,,,,,,,,,,,,,,103,0,0,0,0,0.0,0,0,0.0,0.0,0,0,0,0,0,0,0.0,0,0,0.00,0.00,0.00,0.00,0,0,0,0,2026-07-22T14:42:46.356447Z,0.0,0.0,183656,356,0,,,0,Josh,0.0,False,Hamstring injury - Expected back 10 Oct,2026-09-04T13:30:08.371955Z,,,0.0,Dasilva,,i,0,Dasilva,538,216,537,222,498,196,543,218,,,,,,,,,,,3,4,,,,,,204.0,,
,,,,,,,,,,,,,,104,0,0,24,0,2.9,7,0,3.4,10.2,224,0,0,0,0,0,21.0,0,3,0.03,0.02,0.05,5.21,5,11,3,19,2026-07-22T14:42:46.357263Z,50.0,,428580,339,0,,,2,Frank,1.5,False,Hand injury - 50% chance of playing,2026-09-15T09:00:07.851220Z,,,2.0,Onyeka,,d,6,Onyeka,298,128,300,153,150,77,292,129,,,,,,,,,,,3,7,,,,,,99.0,,
,,,,,,,,,,,,,,105,0,0,28,1,78.3,3,0,12.7,28.4,187,0,0,0,0,0,21.0,1,2,0.19,0.52,0.71,2.80,5,15,4,24,2026-07-22T14:42:46.358060Z,,,444180,113,0,,,1,Jaidon,1.2,False,,,,,1.2,Anthony,,a,5,Anthony,229,93,44,37,154,80,134,67,,,,,,,,,,,3,4,,,,,,112.0,,
2026-08-18T18:07:53.169770Z,106,252262.0,Forrest FC,2766364.0,19.0,51073.0,48023.0,9.0,Sam,Forrest,2.0,,False,106,0,0,11,1,27.6,4,0,16.2,20.6,352,0,1,0,0,0,116.0,1,4,2.41,0.13,2.54,5.42,4,10,2,16,2026-07-22T14:42:46.358754Z,,,502500,10,0,,,1,Igor Thiago,1.2,False,,,,,1.2,Nascimento Rodrigues,,a,5,Thiago,257,22,166,18,15,7,86,14,,,,,,,,,,,4,4,17.0,18.0,7.0,-10.0,26.0,24.0,-17.0,25.0
,,,,,,,,,,,,,,107,0,0,0,0,0.0,0,0,0.0,0.0,0,0,0,0,0,0,0.0,0,0,0.00,0.00,0.00,0.00,0,0,0,0,2026-07-22T14:42:46.359376Z,0.0,,593174,514,0,,,0,Kaye,0.0,False,Unspecified injury - Unknown return date,2026-09-14T14:00:09.985723Z,,,0.0,Furo,,i,0,Furo,509,52,508,57,465,51,514,55,,,,,,,,,,,4,4,,,,,,54.0,,
,,,,,,,,,,,,,,108,0,0,9,0,10.4,0,0,2.6,3.2,13,0,0,0,0,0,12.0,0,0,0.07,0.04,0.11,0.15,1,1,0,2,2026-07-22T14:42:46.360076Z,,,75115,215,0,,,0,Callum,0.8,False,,,,,1.0,Wilson,,a,3,Wilson,355,36,246,32,208,33,307,34,,,,,,,,,,,4,4,,,,,,32.0,,
2026-08-18T19:01:31.281952Z,109,252263.0,Jack Austin,2766493.0,148.0,51073.0,48023.0,8.0,Jack,Austin,15.0,,False,109,0,0,80,2,3.0,5,0,9.7,93.8,360,0,0,0,0,10,0.0,0,4,0.00,0.20,0.20,7.04,3,30,0,0,2026-07-22T14:42:46.360846Z,,,489639,427,0,,,8,Bart,4.2,False,,,,,4.2,Verbruggen,,a,17,Verbruggen,54,8,296,3,434,45,177,7,,,,,,,,,,,1,5,4.0,134.0,19.0,15.0,1.0,5.0,14.0,1.0
2026-08-18T18:59:36.507451Z,110,252260.0,selgar fc,2766486.0,141.0,51073.0,48023.0,1.0,Sam,Elgar,15.0,,False,110,0,0,18,0,0.0,10,0,6.2,61.6,360,0,0,0,0,7,0.0,0,4,0.00,0.02,0.02,7.53,4,40,0,0,2026-07-22T14:42:46.361644Z,,,472739,524,0,,,0,Carl,1.2,False,,,,,1.2,Rushworth,,a,5,Rushworth,117,19,478,47,431,43,236,19,,,,,,,,,,,1,7,15.0,127.0,16.0,1.0,5.0,19.0,-3.0,10.0
,,,,,,,,,,,,,,111,0,0,0,0,0.0,0,0,0.0,0.0,0,0,0,0,0,0,0.0,0,0,0.00,0.00,0.00,0.00,0,0,0,0,2026-07-22T14:42:46.362381Z,,,49262,597,0,,,0,Jason,0.0,False,,,,,0.0,Steele,,a,0,Steele,392,26,384,7,323,3,396,26,,,,,,,,,,,1,5,,,,,,29.0,,
2026-08-18T18:50:59.005604Z,112,252262.0,Forrest FC,2766464.0,119.0,51073.0,48023.0,9.0,Sam,Forrest,12.0,,False,112,0,2,68,2,44.5,5,0,20.7,109.8,360,0,0,0,0,0,53.0,0,4,0.34,0.12,0.46,6.62,27,13,7,34,2026-07-22T14:42:46.363241Z,,,469142,240,0,,,8,Jan Paul,4.5,False,,,,,4.5,van Hecke,,a,18,Van Hecke,28,10,108,29,69,12,46,5,,,,,,,,,,,2,19,10.0,108.0,36.0,26.0,6.0,21.0,15.0,6.0
2026-08-18T19:01:02.743667Z,113,252259.0,Brumtown bandits,2766490.0,145.0,51073.0,48023.0,5.0,louis,Doherty,15.0,,False,113,0,0,28,1,44.6,5,0,9.4,21.8,257,0,0,0,0,0,27.0,0,3,0.08,0.11,0.19,6.66,6,5,1,7,2026-07-22T14:42:46.364028Z,100.0,100.0,231416,439,0,,,6,Ferdi,2.0,False,,2026-08-23T13:00:07.595211Z,,,2.7,Kadıoğlu,,a,8,F.Kadıoğlu,250,104,107,28,128,37,182,68,,,,,,,,,,,2,5,31.0,131.0,49.0,18.0,10.0,61.0,-12.0,22.0
2026-08-18T18:48:25.485982Z,114,252349.0,Blaine,2766460.0,115.0,51073.0,48023.0,5.0,Blaine,Guiney,12.0,,False,114,0,0,69,2,110.5,5,0,19.4,64.2,347,0,0,0,0,0,19.0,1,4,0.06,0.51,0.57,6.82,20,15,2,22,2026-07-22T14:42:46.364713Z,,,204120,474,0,,,6,Olivier,3.2,False,,,,,3.2,Boscagli,,a,13,Boscagli,108,50,20,2,158,48,56,7,,,,,,,,,,,2,5,20.0,104.0,34.0,14.0,14.0,34.0,0.0,15.0
2026-08-18T18:38:57.685487Z,115,252259.0,Brumtown bandits,2766441.0,96.0,51073.0,48023.0,6.0,louis,Doherty,10.0,,False,115,3,4,102,2,138.0,5,1,28.6,93.8,333,0,0,0,0,0,53.0,1,4,1.53,0.44,1.97,6.95,5,14,4,9,2026-07-22T14:42:46.365350Z,,,465730,454,0,,,11,Maxim,8.0,True,,,,,8.0,De Cuyper,,a,32,De Cuyper,55,21,8,1,68,11,21,2,,,,,,,,,,,2,5,2.0,87.0,26.0,24.0,8.0,3.0,23.0,2.0
,,,,,,,,,,,,,,116,0,1,79,2,14.6,5,1,14.3,116.2,360,0,0,0,0,0,11.0,1,4,0.03,0.09,0.12,7.04,20,13,3,23,2026-07-22T14:42:46.366141Z,,,83299,447,0,,,12,Lewis,5.5,False,,,,,5.5,Dunk,,a,22,Dunk,20,3,217,73,214,73,109,38,,,,,,,,,,,2,5,,,,,,14.0,,
,,,,,,,,,,,,,,117,0,0,0,0,0.0,0,0,0.0,0.0,0,0,0,0,0,0,0.0,0,0,0.00,0.00,0.00,0.00,0,0,0,0,2026-07-22T14:42:46.367039Z,,,550090,497,0,,,0,Diego,0.0,False,,,,,0.0,Coppola,,a,0,Coppola,495,192,495,192,451,185,500,192,,,,,,,,,,,2,5,,,,,,154.0,,
,,,,,,,,,,,,,,118,0,0,0,0,0.0,0,0,0.0,0.0,0,0,0,0,0,0,0.0,0,0,0.00,0.00,0.00,0.00,0,0,0,0,2026-07-22T14:42:46.367779Z,0.0,0.0,223434,500,0,,,0,Igor Julio,0.0,False,Has joined Burnley permanently,2026-09-02T15:38:15.529699Z,,,0.0,dos Santos de Paulo,,u,0,Igor,467,182,464,182,414,171,472,182,,,,,,,,,,,2,5,,,,,,155.0,,
,,,,,,,,,,,,,,119,0,0,16,0,17.0,0,0,5.0,15.2,54,0,0,0,0,0,18.0,1,0,0.12,0.16,0.28,0.28,5,1,1,6,2026-07-22T14:42:46.368445Z,,,451490,525,0,,,1,João Pedro,0.8,False,,,,,0.8,Loureiro da Costa,,a,3,Costinha,273,111,206,66,164,50,260,99,,,,,,,,,,,2,5,,,,,,101.0,,
,,,,,,,,,,,,,,120,0,0,0,0,0.0,0,0,0.0,0.0,0,0,0,0,0,0,0.0,0,0,0.00,0.00,0.00,0.00,0,0,0,0,2026-07-22T14:42:46.369094Z,,,454490,361,0,,,0,Michael,0.0,False,,,,,0.0,Svoboda,,a,0,Svoboda,579,208,585,208,557,205,584,208,,,,,,,,,,,2,5,,,,,,156.0,,
,,,,,,,,,,,,,,121,0,0,0,0,0.0,0,0,0.0,0.0,0,0,0,0,0,0,0.0,0,0,0.00,0.00,0.00,0.00,0,0,0,0,2026-07-22T14:42:46.369766Z,0.0,0.0,451340,101,0,,,0,Mitoma,0.0,False,Hamstring injury - Expected back 10 Oct,2026-07-24T18:30:10.661894Z,,,0.0,Kaoru,,i,0,Mitoma,641,283,644,283,638,281,643,283,,,,,,,,,,,3,5,,,,,,205.0,,
,,,,,,,,,,,,,,122,0,0,0,0,0.0,0,0,0.0,0.0,0,0,0,0,0,0,0.0,0,0,0.00,0.00,0.00,0.00,0,0,0,0,2026-07-22T14:42:46.370412Z,0.0,0.0,592031,79,0,,,0,Yankuba,0.0,False,Leg injury - Expected back 28 Nov,2026-08-14T18:00:06.418033Z,,,0.0,Minteh,,i,0,Minteh,645,286,648,286,642,284,647,286,,,,,,,,,,,3,5,,,,,,206.0,,
2026-08-18T18:45:27.964133Z,123,252266.0,seans team,2766452.0,107.0,51073.0,48023.0,7.0,sean,kelly,11.0,,False,123,0,3,54,1,13.4,0,2,14.5,72.8,63,0,0,0,0,0,59.0,0,1,1.41,0.02,1.43,0.19,0,1,2,3,2026-07-22T14:42:46.371148Z,0.0,0.0,532529,89,0,,,0,Jack,4.0,False,Ankle injury - Expected back 10 Oct,2026-08-27T19:30:07.780933Z,,,16.0,Hinshelwood,,i,16,Hinshelwood,88,27,228,123,60,40,108,57,,,,,,,,,,,3,5,19.0,97.0,46.0,27.0,3.0,31.0,15.0,6.0
,,,,,,,,,,,,,,124,3,6,119,2,185.7,5,2,40.3,152.6,360,0,0,0,0,0,68.0,2,4,1.66,0.61,2.27,7.04,6,9,6,21,2026-07-22T14:42:46.371834Z,,,60307,165,0,,,17,Pascal,8.2,True,,,,,8.2,Groß,,a,33,Groß,4,2,1,1,51,32,4,4,,,,,,,,,,,3,5,,,,,,1.0,,
2026-08-18T18:18:47.155463Z,125,252263.0,Jack Austin,2766393.0,48.0,51073.0,48023.0,8.0,Jack,Austin,5.0,,False,125,1,0,22,1,11.4,0,0,4.6,19.8,90,0,0,0,0,0,15.0,0,1,0.08,0.44,0.52,0.29,1,4,2,7,2026-07-22T14:42:46.372549Z,75.0,75.0,463067,154,0,,,0,Georginio,1.2,False,Unspecified injury - 75% chance of playing,2026-08-26T16:00:07.608056Z,,,5.0,Rutter,,d,5,Georginio,259,23,240,29,191,32,268,31,,,,,,,,,,,4,5,18.0,44.0,15.0,-3.0,20.0,25.0,-10.0,21.0
,,,,,,,,,,,,,,126,0,0,4,0,10.5,0,0,1.3,2.2,6,0,0,0,0,0,0.0,0,0,0.00,0.01,0.01,0.04,0,1,0,1,2026-07-22T14:42:46.373265Z,,,219249,206,0,,,1,Matt,0.2,False,,,,,1.0,O'Riley,,a,1,O'Riley,365,168,244,129,623,269,344,159,,,,,,,,,,,3,5,,,,,,168.0,,
,,,,,,,,,,,,,,127,2,0,61,2,80.8,5,0,25.8,55.2,348,0,0,0,0,0,122.0,0,4,0.79,0.76,1.55,7.01,6,9,8,23,2026-07-22T14:42:46.374002Z,,,514254,267,0,,,3,Diego,4.0,False,,,,,4.0,Gómez Amarilla,,a,16,Gomez,138,47,41,35,13,7,26,19,,,,,,,,,,,3,5,,,,,,32.0,,
,,,,,,,,,,,,,,128,0,0,0,0,0.0,0,0,0.0,0.0,0,0,0,0,0,0,0.0,0,0,0.00,0.00,0.00,0.00,0,0,0,0,2026-07-22T14:42:46.374808Z,0.0,0.0,536916,352,0,,,0,Facundo,0.0,False,Has joined Elche on loan for the rest of the season,2026-08-10T14:03:07.561436Z,,,0.0,Buonanotte,,u,0,Buonanotte,598,254,605,259,580,244,603,256,,,,,,,,,,,3,5,,,,,,207.0,,
,,,,,,,,,,,,,,129,0,0,64,2,36.6,1,1,13.4,50.4,243,0,0,0,0,0,51.0,1,3,0.59,0.10,0.69,4.01,2,11,1,14,2026-07-22T14:42:46.375491Z,100.0,100.0,509416,150,0,,,8,Yasin,3.0,False,,2026-08-30T18:00:07.935334Z,,,4.0,Ayari,,a,12,Ayari,157,58,138,87,72,43,124,63,,,,,,,,,,,3,5,,,,,,47.0,,
,,,,,,,,,,,,,,130,0,1,38,1,35.5,4,0,8.3,37.0,156,0,0,0,0,0,10.0,0,2,0.12,0.13,0.25,3.18,11,9,4,15,2026-07-22T14:42:46.376153Z,0.0,0.0,467779,270,0,,,0,Mats,1.8,False,Knee injury - Unknown return date,2026-09-04T09:30:08.612904Z,,,3.5,Wieffer,,i,7,Wieffer,195,82,141,42,224,78,201,74,,,,,,,,,,,2,5,,,,,,75.0,,
,,,,,,,,,,,,,,131,0,0,0,0,0.0,0,0,0.0,0.0,0,0,0,0,0,0,0.0,0,0,0.00,0.00,0.00,0.00,0,0,0,0,2026-07-22T14:42:46.376781Z,0.0,0.0,535301,302,0,,,0,Carlos,0.0,False,Ankle injury - Expected back 19 Sep,2026-08-06T16:00:10.997714Z,,,0.0,Baleba,,i,0,Baleba,554,228,556,234,519,208,559,230,,,,,,,,,,,3,16,,,,,,208.0,,
,,,,,,,,,,,,,,132,0,0,0,0,0.0,0,0,0.0,0.0,0,0,0,0,0,0,0.0,0,0,0.00,0.00,0.00,0.00,0,0,0,0,2026-07-22T14:42:46.377493Z,0.0,0.0,597320,503,0,,,0,Harry,0.0,False,Has joined Leicester City on loan for the rest of the season,2026-08-17T13:53:19.019938Z,,,0.0,Howell,,u,0,Howell,512,200,511,207,468,179,517,202,,,,,,,,,,,3,5,,,,,,209.0,,
,,,,,,,,,,,,,,133,0,0,0,0,0.0,0,0,0.0,0.0,0,0,0,0,0,0,0.0,0,0,0.00,0.00,0.00,0.00,0,0,0,0,2026-07-22T14:42:46.378484Z,0.0,0.0,549074,348,0,,,0,Tom,0.0,False,Has joined Leicester City on loan for the rest of the season,2026-08-03T14:05:44.459483Z,,,0.0,Watson,,u,0,Watson,600,256,607,261,582,246,605,258,,,,,,,,,,,3,5,,,,,,210.0,,
,,,,,,,,,,,,,,134,0,0,0,0,0.0,0,0,0.0,0.0,0,0,0,0,0,0,0.0,0,0,0.00,0.00,0.00,0.00,0,0,0,0,2026-07-22T14:42:46.379200Z,,,556637,515,0,,,0,Nehemiah,0.0,False,,,,,0.0,Oriola,,a,0,Oriola,498,194,498,201,454,173,503,196,,,,,,,,,,,3,5,,,,,,211.0,,
,,,,,,,,,,,,,,135,0,0,3,0,1.3,0,0,0.2,0.2,12,0,0,0,0,0,0.0,0,0,0.00,0.03,0.03,0.00,0,0,0,0,2026-07-22T14:42:46.379855Z,0.0,0.0,700308,362,0,,,0,Zadok,0.2,False,Unspecified injury - Expected back 10 Oct,2026-09-10T13:00:08.617941Z,,,1.0,Yohanna,,i,1,Yohanna,386,180,329,164,532,220,383,179,,,,,,,,,,,3,5,,,,,,169.0,,
2026-08-18T18:59:00.777955Z,136,252260.0,selgar fc,2766485.0,140.0,51073.0,48023.0,10.0,Sam,Elgar,14.0,,False,136,0,0,7,0,10.9,0,0,2.4,7.2,15,0,0,0,0,0,6.0,0,0,0.00,0.06,0.06,0.54,1,0,0,1,2026-07-22T14:42:46.380557Z,100.0,100.0,50175,76,0,,,1,Danny,0.5,False,,2026-08-20T14:00:07.949090Z,,,1.0,Welbeck,,a,2,Welbeck,319,31,243,30,264,38,314,36,,,,,,,,,,,4,6,25.0,127.0,29.0,4.0,9.0,38.0,-9.0,19.0
,,,,,,,,,,,,,,137,0,0,0,0,0.0,0,0,0.0,0.0,0,0,0,0,0,0,0.0,0,0,0.00,0.00,0.00,0.00,0,0,0,0,2026-07-22T14:42:46.381290Z,0.0,0.0,608181,207,0,,,0,Stefanos,0.0,False,Knee injury - Unknown return date,2026-07-23T12:01:23.432796Z,,,0.0,Tzimas,,i,0,Tzimas,625,69,628,73,614,70,629,72,,,,,,,,,,,4,5,,,,,,55.0,,
,,,,,,,,,,,,,,138,2,1,65,1,27.8,5,1,16.3,47.6,278,0,0,0,0,0,89.0,0,3,1.17,0.05,1.22,6.78,5,15,3,23,2026-07-22T14:42:46.382130Z,,,647850,194,0,,,10,Charalampos,4.5,False,,,,,4.5,Kostoulas,,a,18,Kostoulas,163,13,165,17,26,10,84,13,,,,,,,,,,,4,5,,,,,,6.0,,
,,,,,,,,,,,,,,139,0,0,0,0,0.0,0,0,0.0,0.0,0,0,0,0,0,0,0.0,0,0,0.00,0.00,0.00,0.00,0,0,0,0,2026-07-22T14:42:46.382803Z,0.0,0.0,487117,363,0,,,0,Evan,0.0,False,Ankle injury - Expected back 10 Oct,2026-07-23T12:01:23.448357Z,,,0.0,Ferguson,,i,0,Ferguson,585,60,592,65,565,59,590,63,,,,,,,,,,,4,5,,,,,,56.0,,
2026-08-18T18:52:55.864455Z,140,252265.0,AL XI,2766468.0,123.0,51073.0,48023.0,3.0,Aaron,Long,13.0,,True,140,0,0,6,0,0.0,2,0,2.1,21.4,90,0,0,0,0,4,0.0,0,1,0.00,0.01,0.01,1.33,1,5,0,0,2026-07-22T14:42:46.383424Z,0.0,0.0,215059,260,0,,,0,Robert,0.5,False,Has joined Como on loan for the rest of the season,2026-09-02T16:20:41.841936Z,,,2.0,Lynch Sánchez,,u,2,Sánchez,254,22,539,55,501,53,320,22,,,,,,,,,,,1,6,17.0,111.0,11.0,-6.0,17.0,21.0,-10.0,17.0
,,,,,,,,,,,,,,141,0,0,0,0,0.0,0,0,0.0,0.0,0,0,0,0,0,0,0.0,0,0,0.00,0.00,0.00,0.00,0,0,0,0,2026-07-22T14:42:46.384111Z,0.0,0.0,508479,343,0,,,0,Filip,0.0,False,Has joined RC Strasbourg on loan for the rest of the season,2026-08-12T14:07:02.607115Z,,,0.0,Jörgensen,,u,0,Jörgensen,595,71,602,68,576,67,600,71,,,,,,,,,,,1,6,,,,,,30.0,,
2026-08-18T18:13:16.854850Z,142,252263.0,Jack Austin,2766378.0,33.0,51073.0,48023.0,3.0,Jack,Austin,4.0,,False,142,0,0,24,0,42.6,7,0,14.8,56.2,292,0,0,0,0,0,49.0,1,3,0.33,0.26,0.59,4.90,11,15,2,13,2026-07-22T14:42:46.384910Z,,,225796,138,0,,,1,Reece,0.8,False,,,,,0.8,James,,a,3,James,134,61,121,34,78,14,102,35,,,,,,,,,,,2,6,42.0,30.0,7.0,-35.0,47.0,102.0,-95.0,44.0
,,,,,,,,,,,,,,143,0,0,0,0,0.0,0,0,0.0,0.0,0,0,0,0,0,0,0.0,0,0,0.00,0.00,0.00,0.00,0,0,0,0,2026-07-22T14:42:46.385601Z,0.0,0.0,180736,124,0,,,0,Trevoh,0.0,False,Has joined Como permanently,2026-08-10T14:03:50.769483Z,,,0.0,Chalobah,,u,0,Chalobah,628,214,633,214,619,212,632,214,,,,,,,,,,,2,6,,,,,,157.0,,
2026-08-18T18:34:03.107752Z,144,252266.0,seans team,2766432.0,87.0,51073.0,48023.0,7.0,sean,kelly,9.0,,False,144,0,0,12,0,37.2,7,0,8.2,32.0,272,0,0,0,0,0,13.0,0,3,0.08,0.12,0.20,3.50,11,13,4,15,2026-07-22T14:42:46.386377Z,,,482609,268,0,,,1,Malo,1.0,False,,,,,1.0,Gusto,,a,4,Gusto,218,95,137,39,202,68,204,75,,,,,,,,,,,2,6,41.0,79.0,23.0,-18.0,41.0,93.0,-70.0,40.0
,,,,,,,,,,,,,,145,0,0,24,0,28.4,6,0,11.0,77.6,242,0,0,0,0,0,4.0,1,3,0.00,0.08,0.08,4.20,27,7,5,32,2026-07-22T14:42:46.387108Z,100.0,100.0,444463,294,0,,,1,Wesley,1.0,False,,2026-07-23T12:01:23.464591Z,,,1.3,Fofana,,a,4,Fofana,78,33,163,51,286,106,156,58,,,,,,,,,,,2,6,,,,,,94.0,,
,,,,,,,,,,,,,,146,0,0,0,0,0.0,0,0,0.0,0.0,0,0,0,0,0,0,0.0,0,0,0.00,0.00,0.00,0.00,0,0,0,0,2026-07-22T14:42:46.387763Z,0.0,0.0,242880,498,0,,,0,Benoît,0.0,False,Has joined Napoli on loan for the rest of the season,2026-08-25T14:03:47.079414Z,,,0.0,Badiashile Mukinayi,,u,0,B.Badiashile,471,184,469,184,419,173,476,184,,,,,,,,,,,2,6,,,,,,158.0,,
,,,,,,,,,,,,,,147,0,0,5,0,0.2,0,0,0.9,9.0,5,0,0,0,0,0,0.0,0,0,0.00,0.00,0.00,0.03,2,1,2,4,2026-07-22T14:42:46.388462Z,,,109646,479,0,,,1,Tosin,0.2,False,,,,,1.0,Adarabioyo,,a,1,Tosin,304,120,370,139,385,161,349,128,,,,,,,,,,,2,19,,,,,,127.0,,
,,,,,,,,,,,,,,148,2,0,14,0,47.1,9,0,14.0,77.0,258,0,0,0,0,0,15.0,0,4,0.01,0.21,0.22,4.81,11,9,7,18,2026-07-22T14:42:46.389219Z,,,551210,487,0,,,0,Jorrel,2.0,False,,,,,2.0,Hato,,a,8,Hato,79,34,99,24,181,61,112,40,,,,,,,,,,,2,6,,,,,,62.0,,
,,,,,,,,,,,,,,149,0,0,16,0,14.2,6,0,7.2,46.0,251,0,0,0,0,0,11.0,1,3,0.01,0.04,0.05,4.02,16,11,3,19,2026-07-22T14:42:46.390012Z,,,460028,345,0,,,1,Levi,0.5,False,,,,,0.7,Samuels Colwill,,a,2,Colwill,167,71,219,75,215,74,214,78,,,,,,,,,,,2,6,,,,,,113.0,,
,,,,,,,,,,,,,,150,0,0,0,0,0.0,0,0,0.0,0.0,0,0,0,0,0,0,0.0,0,0,0.00,0.00,0.00,0.00,0,0,0,0,2026-07-22T14:42:46.390848Z,0.0,0.0,574458,504,0,,,0,Mamadou,0.0,False,Has joined Real Sociedad on loan for the rest of the season,2026-08-29T00:34:23.077418Z,,,0.0,Sarr,,u,0,M.Sarr,504,194,503,194,460,187,509,194,,,,,,,,,,,2,6,,,,,,159.0,,
,,,,,,,,,,,,,,151,0,0,9,0,4.1,5,0,5.1,41.6,202,0,0,0,0,0,6.0,0,2,0.00,0.02,0.02,3.52,13,7,6,19,2026-07-22T14:42:46.391581Z,,,577016,475,0,,,0,Josh,1.2,False,,,,,1.7,Acheampong,,a,5,Acheampong,177,75,283,100,256,93,257,96,,,,,,,,,,,2,6,,,,,,87.0,,
2026-08-18T18:55:26.508471Z,152,252258.0,Paddy,2766475.0,130.0,51073.0,48023.0,10.0,Paddy,Farrell,13.0,,False,152,0,0,0,0,0.0,0,0,0.0,0.0,0,0,0,0,0,0,0.0,0,0,0.00,0.00,0.00,0.00,0,0,0,0,2026-07-22T14:42:46.392308Z,0.0,0.0,620109,216,0,,,0,Marco,0.0,False,Thigh injury - Expected back 18 Sep,2026-08-24T18:30:07.421239Z,,,0.0,Palestra,,i,0,Palestra,613,213,617,213,598,210,618,213,,,,,,,,,,,2,6,49.0,118.0,42.5,-6.5,33.0,160.0,-117.5,48.0
,,,,,,,,,,,,,,153,0,0,-6,0,13.4,6,0,5.0,34.8,139,0,0,0,1,0,2.0,0,2,0.00,0.04,0.04,3.72,15,11,5,20,2026-07-22T14:42:46.393065Z,0.0,,220362,526,0,,,-3,Axel,0.2,False,Suspended until 25 Oct,2026-09-12T15:30:09.445078Z,,,0.3,Disasi,,s,1,Disasi,206,87,225,79,299,112,259,98,,,,,,,,,,,2,8,,,,,,128.0,,
2026-08-18T18:03:09.550687Z,154,252263.0,Jack Austin,2766353.0,8.0,51073.0,48023.0,8.0,Jack,Austin,1.0,,False,154,2,3,127,0,120.0,9,2,37.6,131.6,352,0,0,0,0,0,124.0,1,4,1.18,0.61,1.79,6.08,2,17,4,23,2026-07-22T14:42:46.393827Z,100.0,100.0,244851,4,0,,,5,Cole,6.5,False,,2026-08-24T22:00:07.971542Z,,,6.5,Palmer,,a,26,Palmer,13,8,13,12,11,6,7,6,,,,,,,,,,,3,6,9.0,8.0,4.0,-5.0,32.0,11.0,-7.0,16.0
2026-08-18T18:17:21.737331Z,155,252259.0,Brumtown bandits,2766390.0,45.0,51073.0,48023.0,5.0,louis,Doherty,5.0,,False,155,0,0,40,2,51.6,0,0,10.8,24.0,181,0,0,0,0,0,33.0,1,2,0.31,0.27,0.58,1.78,5,8,3,16,2026-07-22T14:42:46.394734Z,,,448047,25,0,,,2,Enzo,1.5,False,,,,,2.0,Fernández,,a,6,Enzo,244,102,91,61,118,62,163,79,,,,,,,,,,,3,15,36.0,41.0,16.0,-20.0,45.0,100.0,-84.0,39.0
2026-08-18T18:36:27.391478Z,156,252258.0,Paddy,2766435.0,90.0,51073.0,48023.0,10.0,Paddy,Farrell,9.0,,False,156,0,0,68,0,84.8,6,1,24.0,72.4,246,0,0,0,0,0,83.0,0,3,0.52,0.53,1.05,4.42,8,11,3,22,2026-07-22T14:42:46.395614Z,,,247632,39,0,,,2,Pedro,3.0,False,,,,,3.0,Lomba Neto,,a,12,Neto,89,28,39,33,35,19,32,23,,,,,,,,,,,3,6,25.0,82.0,36.5,11.5,11.0,48.0,-11.5,19.0
2026-08-18T18:35:31.138946Z,157,252263.0,Jack Austin,2766433.0,88.0,51073.0,48023.0,8.0,Jack,Austin,9.0,,False,157,0,0,14,0,1.3,0,0,4.9,8.4,20,0,0,0,0,0,38.0,0,0,0.07,0.07,0.14,0.58,0,1,1,2,2026-07-22T14:42:46.396623Z,,,624773,49,0,,,1,Estêvão,0.8,False,,,,,1.0,Almeida de Oliveira Gonçalves,,a,3,Estêvão,311,139,331,166,105,57,265,116,,,,,,,,,,,3,6,43.0,80.0,35.0,-8.0,37.0,128.0,-93.0,42.0
,,,,,,,,,,,,,,158,0,0,0,0,0.0,0,0,0.0,0.0,0,0,0,0,0,0,0.0,0,0,0.00,0.00,0.00,0.00,0,0,0,0,2026-07-22T14:42:46.397814Z,,,463936,109,0,,,0,Jamie,0.0,False,,,,,0.0,Bynoe-Gittens,,a,0,Gittens,643,284,646,284,640,282,645,284,,,,,,,,,,,3,6,,,,,,212.0,,
,,,,,,,,,,,,,,159,0,0,3,0,0.1,0,0,0.0,0.0,13,0,0,0,0,0,0.0,0,0,0.00,0.00,0.00,0.07,0,0,0,0,2026-07-22T14:42:46.398870Z,0.0,0.0,486672,143,0,,,0,Moisés,0.2,False,Calf injury - Expected back 18 Sep,2026-08-30T16:00:08.393562Z,,,1.0,Caicedo Corozo,,i,1,Caicedo,610,261,377,186,595,253,615,263,,,,,,,,,,,3,6,,,,,,170.0,,
2026-08-18T18:33:28.065370Z,160,252267.0,Jeeves,2766429.0,84.0,51073.0,48023.0,4.0,James,Reeves,9.0,,False,160,0,0,9,0,3.6,0,0,0.5,1.2,31,0,0,0,0,0,0.0,0,0,0.00,0.00,0.00,0.49,0,2,0,2,2026-07-22T14:42:46.399937Z,,,493105,102,0,,,0,Alejandro,0.8,False,,,,,1.0,Garnacho Ferreyra,,a,3,Garnacho,377,175,291,150,634,279,367,171,,,,,,,,,,,3,2,44.0,76.0,33.0,-11.0,39.0,129.0,-96.0,44.0
,,,,,,,,,,,,,,161,0,0,61,0,29.1,8,1,16.1,65.8,258,0,0,0,0,0,66.0,1,4,0.75,0.11,0.86,5.06,10,15,6,31,2026-07-22T14:42:46.401167Z,,,514356,335,0,,,2,Roméo,2.8,False,,,,,2.8,Lavia,,a,11,Lavia,106,34,159,97,53,34,88,51,,,,,,,,,,,3,6,,,,,,56.0,,
,,,,,,,,,,,,,,162,0,0,23,0,5.5,4,0,3.9,24.8,82,0,0,0,0,0,8.0,0,1,0.00,0.24,0.24,2.03,7,7,4,18,2026-07-22T14:42:46.402504Z,,,532605,311,0,,,0,Andrey,1.0,False,,,,,1.3,Nascimento dos Santos,,a,4,Andrey Santos,238,99,266,138,238,119,281,123,,,,,,,,,,,3,16,,,,,,118.0,,
,,,,,,,,,,,,,,163,0,0,0,0,0.0,0,0,0.0,0.0,0,0,0,0,0,0,0.0,0,0,0.00,0.00,0.00,0.00,0,0,0,0,2026-07-22T14:42:46.403652Z,0.0,0.0,491007,516,0,,,0,Dário,0.0,False,Has joined RC Strasbourg on loan for the rest of the season,2026-09-02T16:20:41.865225Z,,,0.0,Luís Essugo,,u,0,D.Essugo,480,189,480,196,436,168,485,191,,,,,,,,,,,3,6,,,,,,213.0,,
,,,,,,,,,,,,,,164,0,0,2,0,0.3,0,0,0.4,1.2,8,0,0,0,0,0,2.0,0,0,0.00,0.00,0.00,0.09,1,0,0,1,2026-07-22T14:42:46.404794Z,100.0,100.0,593117,217,0,,,0,Geovany,0.2,False,,2026-07-24T20:30:10.609931Z,,,1.0,Quenda,,a,1,Quenda,376,174,366,180,309,151,371,172,,,,,,,,,,,3,6,,,,,,171.0,,
2026-08-18T18:02:34.202844Z,165,252349.0,Blaine,2766351.0,6.0,51073.0,48023.0,6.0,Blaine,Guiney,1.0,,False,165,3,7,141,0,90.0,9,3,37.0,158.4,360,1,0,0,0,0,123.0,1,4,2.17,0.19,2.36,6.17,3,5,1,9,2026-07-22T14:42:46.405761Z,,,475168,15,0,,,12,João Pedro,8.2,True,,,,,8.2,Junqueira de Jesus,,a,33,João Pedro,2,1,34,1,12,6,8,2,,,,,,,,,,,4,6,1.0,6.0,3.0,2.0,11.0,1.0,2.0,10.0
,,,,,,,,,,,,,,166,0,0,21,1,25.4,1,0,5.3,5.4,199,0,0,0,0,0,24.0,1,3,0.24,0.58,0.82,1.62,0,5,0,5,2026-07-22T14:42:46.406709Z,,,517052,53,0,,,0,Nicolas,1.0,False,,,,,1.3,Jackson,,a,4,N.Jackson,333,32,172,19,140,27,253,28,,,,,,,,,,,4,2,,,,,,28.0,,
,,,,,,,,,,,,,,167,0,0,40,1,43.5,2,1,12.8,35.0,187,0,0,0,0,0,50.0,1,2,0.76,0.14,0.90,1.95,3,5,1,9,2026-07-22T14:42:46.407558Z,,,463034,185,0,,,5,Liam,2.0,False,,,,,2.7,Delap,,a,8,Delap,204,16,116,12,77,20,132,17,,,,,,,,,,,4,18,,,,,,16.0,,
,,,,,,,,,,,,,,168,0,0,0,0,0.0,0,0,0.0,0.0,0,0,0,0,0,0,0.0,0,0,0.00,0.00,0.00,0.00,0,0,0,0,2026-07-22T14:42:46.408556Z,0.0,0.0,499309,336,0,,,0,Marc,0.0,False,Has joined RB Leipzig permanently,2026-09-01T13:24:48.857362Z,,,0.0,Guiu Paz,,u,0,Marc Guiu,592,61,599,66,573,60,597,64,,,,,,,,,,,4,6,,,,,,57.0,,
,,,,,,,,,,,,,,169,0,0,0,0,0.0,0,0,0.0,0.0,0,0,0,0,0,0,0.0,0,0,0.00,0.00,0.00,0.00,0,0,0,0,2026-07-22T14:42:46.409590Z,,,567119,517,0,,,0,Shumaira,0.0,False,,,,,0.0,Mheuka,,a,0,Mheuka,501,51,500,56,457,50,506,54,,,,,,,,,,,4,6,,,,,,58.0,,
,,,,,,,,,,,,,,170,0,0,0,0,0.0,0,0,0.0,0.0,0,0,0,0,0,0,0.0,0,0,0.00,0.00,0.00,0.00,0,0,0,0,2026-07-22T14:42:46.410575Z,0.0,0.0,503037,364,0,,,0,Emmanuel,0.0,False,Hamstring injury - Expected back 18 Sep,2026-09-09T15:00:09.063849Z,,,0.0,Emegha,,i,0,Emegha,594,62,601,67,575,61,599,65,,,,,,,,,,,4,6,,,,,,59.0,,
,,,,,,,,,,,,,,171,0,0,0,0,0.0,0,0,0.0,0.0,0,0,0,0,0,0,0.0,0,0,0.00,0.00,0.00,0.00,0,0,0,0,2026-07-22T14:42:46.411512Z,0.0,0.0,484389,598,0,,,0,Oliver,0.0,False,Has joined Leyton Orient on loan for the rest of the season,2026-09-02T15:44:14.839336Z,,,0.0,Dovin,,u,0,Dovin,420,43,414,24,354,20,425,43,,,,,,,,,,,1,7,,,,,,31.0,,
,,,,,,,,,,,,,,172,0,0,0,0,0.0,0,0,0.0,0.0,0,0,0,0,0,0,0.0,0,0,0.00,0.00,0.00,0.00,0,0,0,0,2026-07-22T14:42:46.412466Z,,,110690,527,0,,,0,Ben,0.0,False,,,,,0.0,Wilson,,a,0,Wilson,458,52,454,35,403,31,463,52,,,,,,,,,,,1,7,,,,,,32.0,,
,,,,,,,,,,,,,,173,0,2,41,1,33.1,9,0,14.8,67.6,347,0,0,0,0,0,48.0,0,4,0.43,0.26,0.69,6.99,37,13,2,39,2026-07-22T14:42:46.413389Z,,,461102,599,0,,,0,Bobby,3.8,False,,,,,3.8,Thomas,,a,15,Thomas,105,48,145,43,81,15,101,34,,,,,,,,,,,2,7,,,,,,30.0,,
,,,,,,,,,,,,,,174,0,0,0,0,0.0,0,0,0.0,0.0,0,0,0,0,0,0,0.0,0,0,0.00,0.00,0.00,0.00,0,0,0,0,2026-07-22T14:42:46.414155Z,0.0,0.0,436761,600,0,,,0,Liam,0.0,False,Has joined Sheffield United on loan for the rest of the season,2026-09-02T16:21:03.612394Z,,,0.0,Kitching,,u,0,Kitching,413,151,407,151,347,132,418,151,,,,,,,,,,,2,7,,,,,,161.0,,
,,,,,,,,,,,,,,175,0,0,7,0,52.7,10,0,12.8,61.6,360,0,0,0,0,0,14.0,1,4,0.00,0.30,0.30,7.53,21,13,6,27,2026-07-22T14:42:46.415001Z,,,451284,601,0,,,0,Milan,1.5,False,,,,,1.5,van Ewijk,,a,6,van Ewijk,116,56,85,21,193,63,131,47,,,,,,,,,,,2,7,,,,,,83.0,,
,,,,,,,,,,,,,,176,0,0,14,0,52.0,10,0,13.4,63.6,354,0,0,0,0,0,17.0,0,4,0.18,0.48,0.66,7.53,15,10,4,19,2026-07-22T14:42:46.415923Z,,,173878,602,0,,,0,Jay,1.2,False,,,,,1.2,Dasilva,,a,5,Dasilva,109,51,90,23,168,52,123,44,,,,,,,,,,,2,7,,,,,,88.0,,
,,,,,,,,,,,,,,177,0,0,0,0,0.0,0,0,0.0,0.0,0,0,0,0,0,0,0.0,0,0,0.00,0.00,0.00,0.00,0,0,0,0,2026-07-22T14:42:46.416714Z,0.0,0.0,465390,603,0,,,0,Kaine,0.0,False,Hamstring injury - Unknown return date,2026-08-27T14:56:28.704361Z,,,0.0,Kesler-Hayden,,i,0,Kesler-Hayden,418,153,412,153,352,134,423,153,,,,,,,,,,,2,7,,,,,,162.0,,
,,,,,,,,,,,,,,178,0,0,0,0,0.0,0,0,0.0,0.0,0,0,0,0,0,0,0.0,0,0,0.00,0.00,0.00,0.00,0,0,0,0,2026-07-22T14:42:46.417423Z,,,80178,604,0,,,0,Jake,0.0,False,,,,,0.0,Bidwell,,a,0,Bidwell,396,144,388,142,327,122,400,143,,,,,,,,,,,2,7,,,,,,163.0,,
,,,,,,,,,,,,,,179,0,0,0,0,0.0,0,0,0.0,0.0,0,0,0,0,0,0,0.0,0,0,0.00,0.00,0.00,0.00,0,0,0,0,2026-07-22T14:42:46.418302Z,,,204813,605,0,,,0,Joel,0.0,False,,,,,0.0,Latibeaudiere,,a,0,Latibeaudiere,406,147,400,147,340,128,411,147,,,,,,,,,,,2,7,,,,,,164.0,,
,,,,,,,,,,,,,,180,0,0,0,0,0.0,0,0,0.0,0.0,0,0,0,0,0,0,0.0,0,0,0.00,0.00,0.00,0.00,0,0,0,0,2026-07-22T14:42:46.419351Z,0.0,0.0,220583,606,0,,,0,Luke,0.0,False,Knee injury - Unknown return date,2026-08-27T14:56:28.718566Z,,,0.0,Woolfenden,,i,0,Woolfenden,409,149,403,149,343,130,414,149,,,,,,,,,,,2,7,,,,,,165.0,,
,,,,,,,,,,,,,,181,0,0,0,0,0.0,0,0,0.0,0.0,0,0,0,0,0,0,0.0,0,0,0.00,0.00,0.00,0.00,0,0,0,0,2026-07-22T14:42:46.420205Z,0.0,0.0,577411,607,0,,,0,Miguel,0.0,False,Has joined Academico de Viseu on loan for the rest of the season,2026-08-29T00:35:59.980316Z,,,0.0,Brau,,u,0,Brau,436,168,430,168,372,151,441,168,,,,,,,,,,,2,7,,,,,,166.0,,
,,,,,,,,,,,,,,182,0,0,-3,0,14.5,10,0,9.4,62.8,360,0,0,0,0,0,15.0,1,4,0.02,0.39,0.41,7.53,23,11,1,24,2026-07-22T14:42:46.421092Z,,,539142,608,0,,,0,Aurèle,1.0,False,,,,,1.0,Amenda,,a,4,Amenda,113,54,218,74,177,57,181,67,,,,,,,,,,,2,7,,,,,,95.0,,
,,,,,,,,,,,,,,183,0,0,35,1,115.5,4,0,23.2,37.6,224,0,0,0,0,0,79.0,0,3,0.83,0.91,1.74,3.64,5,13,3,21,2026-07-22T14:42:46.421855Z,100.0,100.0,480457,365,0,,,2,Jack,2.0,False,,2026-07-23T12:01:23.481435Z,,,2.0,Rudoni,,a,8,Rudoni,193,77,16,15,39,23,34,25,,,,,,,,,,,3,7,,,,,,80.0,,
,,,,,,,,,,,,,,184,0,0,45,0,32.7,9,0,8.9,51.8,353,0,0,0,0,0,5.0,0,4,0.10,0.07,0.17,7.32,9,13,6,28,2026-07-22T14:42:46.422707Z,,,168144,366,0,,,2,Matt,2.0,False,,,,,2.0,Grimes,,a,8,Grimes,148,53,149,92,268,134,193,91,,,,,,,,,,,3,7,,,,,,81.0,,
,,,,,,,,,,,,,,185,0,0,8,0,5.9,1,0,1.9,6.2,31,0,0,0,0,0,7.0,0,0,0.02,0.02,0.04,0.69,0,2,2,4,2026-07-22T14:42:46.423421Z,,,501459,367,0,,,0,Tatsuhiro,0.2,False,,,,,1.0,Sakamoto,,a,1,Sakamoto,328,148,265,137,245,122,327,149,,,,,,,,,,,3,7,,,,,,172.0,,
,,,,,,,,,,,,,,186,0,0,13,0,17.8,3,0,7.2,10.2,186,0,0,0,0,0,46.0,0,3,0.49,0.07,0.56,2.56,6,7,0,13,2026-07-22T14:42:46.424609Z,100.0,100.0,241293,218,0,,,1,Ephron,1.0,False,,2026-08-19T18:00:08.310507Z,,,1.3,Mason-Clark,,a,4,Mason-Clark,300,130,203,114,85,47,217,99,,,,,,,,,,,3,7,,,,,,119.0,,
,,,,,,,,,,,,,,187,0,0,0,0,0.0,0,0,0.0,0.0,0,0,0,0,0,0,0.0,0,0,0.00,0.00,0.00,0.00,0,0,0,0,2026-07-22T14:42:46.425463Z,0.0,0.0,439668,368,0,,,0,Josh,0.0,False,Unspecified injury - Expected back 12 Oct,2026-09-10T18:30:08.877110Z,,,0.0,Eccles,,i,0,Eccles,547,223,546,229,509,203,552,225,,,,,,,,,,,3,7,,,,,,214.0,,
,,,,,,,,,,,,,,188,0,0,13,0,20.4,2,0,2.7,7.2,53,0,0,0,0,0,0.0,0,0,0.00,0.12,0.12,1.22,1,2,0,3,2026-07-22T14:42:46.426346Z,,,226965,219,0,,,1,Victor,0.8,False,,,,,1.0,Torp,,a,3,Torp,318,144,194,108,606,262,303,138,,,,,,,,,,,3,7,,,,,,130.0,,
,,,,,,,,,,,,,,189,0,0,0,0,0.0,0,0,0.0,0.0,0,0,0,0,0,0,0.0,0,0,0.00,0.00,0.00,0.00,0,0,0,0,2026-07-22T14:42:46.427304Z,,,684268,528,0,,,0,George,0.0,False,,,,,0.0,Shepherd,,a,0,Shepherd,527,210,526,217,485,189,532,212,,,,,,,,,,,3,7,,,,,,215.0,,
,,,,,,,,,,,,,,190,0,0,27,0,49.3,3,0,9.6,17.0,166,0,0,0,0,0,29.0,0,2,0.19,0.18,0.37,2.73,5,9,1,15,2026-07-22T14:42:46.428196Z,,,469272,220,0,,,0,Loum,1.0,False,,,,,1.3,Tchaouna,,a,4,Tchaouna,271,113,96,65,124,64,179,86,,,,,,,,,,,3,7,,,,,,120.0,,
,,,,,,,,,,,,,,191,0,0,0,0,0.0,0,0,0.0,0.0,0,0,0,0,0,0,0.0,0,0,0.00,0.00,0.00,0.00,0,0,0,0,2026-07-22T14:42:46.429033Z,0.0,0.0,492498,529,0,,,0,Raphael,0.0,False,Has joined Burton Albion on loan for the rest of the season,2026-09-02T15:44:14.868001Z,,,0.0,Borges Rodrigues,,u,0,Borges Rodrigues,481,190,481,197,437,169,486,192,,,,,,,,,,,3,7,,,,,,216.0,,
,,,,,,,,,,,,,,192,0,0,0,0,0.0,0,0,0.0,0.0,0,0,0,0,0,0,0.0,0,0,0.00,0.00,0.00,0.00,0,0,0,0,2026-07-22T14:42:46.429885Z,0.0,0.0,629397,530,0,,,0,Kai,0.0,False,Has joined Oxford United on loan for the rest of the season,2026-08-29T00:35:59.998520Z,,,0.0,Andrews,,u,0,Andrews,519,205,518,212,477,184,524,207,,,,,,,,,,,3,7,,,,,,217.0,,
,,,,,,,,,,,,,,193,0,0,0,0,0.0,0,0,0.0,0.0,0,0,0,0,0,0,0.0,0,0,0.00,0.00,0.00,0.00,0,0,0,0,2026-07-22T14:42:46.430744Z,0.0,0.0,176412,221,0,,,0,Haji,0.0,False,Thigh injury - Unknown return date,2026-08-14T22:00:07.214508Z,,,0.0,Wright,,i,0,Wright,614,67,618,71,600,67,619,70,,,,,,,,,,,4,7,,,,,,60.0,,
2026-08-18T19:01:13.778492Z,194,252349.0,Blaine,2766491.0,146.0,51073.0,48023.0,6.0,Blaine,Guiney,15.0,,False,194,0,0,27,0,3.9,6,0,4.9,14.0,137,0,0,0,0,0,30.0,0,1,0.21,0.05,0.26,3.88,6,5,0,11,2026-07-22T14:42:46.431887Z,,,230730,369,0,,,1,Brandon,1.2,False,,,,,1.2,Thomas-Asante,,a,5,Thomas-Asante,275,26,285,35,122,26,263,30,,,,,,,,,,,4,7,19.0,132.0,30.0,11.0,4.0,26.0,4.0,8.0
,,,,,,,,,,,,,,195,0,0,10,0,22.3,3,0,6.7,7.6,88,0,0,0,0,0,37.0,0,1,0.30,0.01,0.31,2.55,1,2,0,3,2026-07-22T14:42:46.432895Z,,,218997,370,0,,,0,Ellis,0.8,False,,,,,1.5,Simms,,a,3,Simms,316,30,185,21,107,22,227,24,,,,,,,,,,,4,7,,,,,,33.0,,
,,,,,,,,,,,,,,196,0,0,0,0,0.0,0,0,0.0,0.0,0,0,0,0,0,0,0.0,0,0,0.00,0.00,0.00,0.00,0,0,0,0,2026-07-22T14:42:46.434010Z,0.0,0.0,551262,371,0,,,0,Jahnoah,0.0,False,Has joined Shabab Al-Ahli Dubai permanently,2026-08-17T13:53:55.791223Z,,,0.0,Markelo,,u,0,Markelo,601,63,608,68,583,62,606,66,,,,,,,,,,,4,7,,,,,,61.0,,
,,,,,,,,,,,,,,197,0,0,0,0,0.0,0,0,0.0,0.0,0,0,0,0,0,0,0.0,0,0,0.00,0.00,0.00,0.00,0,0,0,0,2026-07-22T14:42:46.434877Z,0.0,0.0,549653,531,0,,,0,Norman,0.0,False,Has joined KVC Westerlo on loan for the rest of the season,2026-07-28T12:58:50.001768Z,,,0.0,Bassette,,u,0,Bassette,494,48,494,54,450,47,499,51,,,,,,,,,,,4,7,,,,,,62.0,,
2026-08-18T18:56:46.884472Z,198,252259.0,Brumtown bandits,2766481.0,136.0,51073.0,48023.0,6.0,louis,Doherty,14.0,,False,198,0,0,37,0,0.0,8,0,9.6,96.8,270,0,0,0,0,12,0.0,0,3,0.00,0.00,0.00,6.47,6,31,0,0,2026-07-22T14:42:46.436280Z,0.0,100.0,172649,248,0,,,0,Dean,1.2,False,Foot injury - Expected back 11 Oct,2026-09-12T14:00:09.378740Z,,,1.7,Henderson,,i,5,Henderson,49,7,571,62,542,61,178,8,,,,,,,,,,,1,8,16.0,123.0,14.0,-2.0,13.0,20.0,-6.0,13.0
,,,,,,,,,,,,,,199,0,0,3,0,0.0,3,0,1.9,18.8,90,0,0,0,0,3,0.0,0,1,0.00,0.00,0.00,1.68,1,7,0,0,2026-07-22T14:42:46.437598Z,,,121709,499,0,,,2,Walter,0.5,False,,,,,2.0,Benítez,,a,2,Benitez,263,23,455,36,404,32,326,23,,,,,,,,,,,1,8,,,,,,22.0,,
2026-08-18T18:14:57.026757Z,200,252262.0,Forrest FC,2766384.0,39.0,51073.0,48023.0,9.0,Sam,Forrest,4.0,,False,200,1,0,29,0,12.6,7,0,10.9,86.8,274,0,0,0,0,0,10.0,1,3,0.02,0.21,0.23,5.28,26,5,9,35,2026-07-22T14:42:46.439410Z,,,437499,64,0,,,1,Maxence,2.5,False,,,,,2.5,Lacroix,,a,10,Lacroix,64,27,233,83,225,79,159,59,,,,,,,,,,,2,6,26.0,36.0,11.0,-15.0,39.0,49.0,-38.0,31.0
2026-08-18T18:13:25.289210Z,201,252266.0,seans team,2766379.0,34.0,51073.0,48023.0,4.0,sean,kelly,4.0,,False,201,0,0,24,0,58.5,3,0,15.8,35.2,175,0,0,0,0,0,64.0,0,2,0.48,0.19,0.67,1.92,6,5,6,12,2026-07-22T14:42:46.440945Z,,,247348,127,0,,,2,Daniel,0.8,False,,,,,1.0,Muñoz Mejía,,a,3,Muñoz,202,84,74,16,54,6,92,27,,,,,,,,,,,2,18,43.0,31.0,8.0,-35.0,48.0,103.0,-95.0,45.0
2026-08-18T18:39:25.249061Z,202,252262.0,Forrest FC,2766444.0,99.0,51073.0,48023.0,9.0,Sam,Forrest,10.0,,False,202,0,0,19,0,7.2,11,0,13.9,108.8,360,0,0,0,0,0,24.0,1,4,0.08,0.06,0.14,8.15,38,13,6,44,2026-07-22T14:42:46.442011Z,,,427623,250,0,,,2,Chris,1.5,False,,,,,1.5,Richards,,a,6,Richards,32,13,258,92,138,42,115,42,,,,,,,,,,,2,8,37.0,90.0,28.0,-9.0,34.0,84.0,-56.0,37.0
,,,,,,,,,,,,,,203,0,0,12,0,8.1,8,0,7.6,63.2,270,0,0,0,0,0,5.0,0,3,0.05,0.01,0.06,6.47,17,6,7,24,2026-07-22T14:42:46.443598Z,,,651426,286,0,,,0,Jaydee,0.5,False,,,,,0.7,Canvot,,a,2,Canvot,112,53,254,89,270,97,209,76,,,,,,,,,,,2,8,,,,,,114.0,,
2026-08-18T18:36:24.392439Z,204,252264.0,Jack Busst,2766434.0,89.0,51073.0,48023.0,9.0,Jack,Busst,9.0,,False,204,0,2,38,0,64.2,10,2,22.9,109.0,329,0,0,0,0,0,56.0,0,4,0.77,0.24,1.01,7.03,11,15,6,17,2026-07-22T14:42:46.446140Z,,,244723,425,0,,,1,Tyrick,4.2,False,,,,,4.2,Mitchell,,a,17,Mitchell,30,11,61,9,62,7,35,4,,,,,,,,,,,2,8,14.0,81.0,24.0,10.0,18.0,26.0,-2.0,16.0
,,,,,,,,,,,,,,205,0,0,0,0,0.0,0,0,0.0,0.0,0,0,0,0,0,0,0.0,0,0,0.00,0.00,0.00,0.00,0,0,0,0,2026-07-22T14:42:46.447300Z,0.0,0.0,218364,501,0,,,0,Borna,0.0,False,Has joined FC Cologne on loan for the rest of the season,2026-09-02T16:03:25.710518Z,,,0.0,Sosa,,u,0,Sosa,465,181,462,181,412,170,470,181,,,,,,,,,,,2,8,,,,,,167.0,,
,,,,,,,,,,,,,,206,0,0,7,0,1.3,2,0,1.4,12.6,72,0,0,0,0,0,0.0,0,1,0.00,0.01,0.01,0.98,6,3,1,7,2026-07-22T14:42:46.449024Z,0.0,0.0,515621,485,0,,,0,Chadi,0.2,False,Knee injury - Unknown return date,2026-08-22T18:00:07.352049Z,,,1.0,Riad Dnanou,,i,1,Chadi Riad,281,113,328,121,394,167,337,122,,,,,,,,,,,2,8,,,,,,129.0,,
,,,,,,,,,,,,,,207,0,0,5,0,0.4,1,0,0.3,3.2,16,0,0,0,0,0,0.0,0,0,0.00,0.00,0.00,0.33,0,1,2,2,2026-07-22T14:42:46.450420Z,,,242313,532,0,,,0,Oscar,0.5,False,,,,,1.0,Mingueza,,a,2,Mingueza,354,134,360,136,388,163,374,136,,,,,,,,,,,2,8,,,,,,115.0,,
2026-08-18T18:20:50.417040Z,208,252264.0,Jack Busst,2766397.0,52.0,51073.0,48023.0,2.0,Jack,Busst,6.0,,False,208,0,0,0,0,0.0,0,0,0.0,0.0,0,0,0,0,0,0,0.0,0,0,0.00,0.00,0.00,0.00,0,0,0,0,2026-07-22T14:42:46.451372Z,0.0,0.0,232185,40,0,,,0,Ismaïla,0.0,False,Groin injury - Unknown return date,2026-08-22T18:00:07.363165Z,,,0.0,Sarr,,i,0,Sarr,651,290,652,290,649,289,651,290,,,,,,,,,,,3,8,49.0,47.0,22.0,-27.0,49.0,218.0,-196.0,49.0
,,,,,,,,,,,,,,209,0,0,20,1,52.2,1,0,9.0,23.0,173,0,0,0,0,0,15.0,1,2,0.21,0.22,0.43,2.67,7,7,4,18,2026-07-22T14:42:46.452832Z,,,242898,100,0,,,3,Brennan,1.5,False,,,,,1.5,Johnson,,a,6,Johnson,246,103,88,60,192,98,192,90,,,,,,,,,,,3,9,,,,,,101.0,,
,,,,,,,,,,,,,,210,0,0,64,0,70.2,10,0,12.9,53.0,346,0,0,0,0,0,5.0,0,4,0.08,0.36,0.44,7.60,12,14,8,34,2026-07-22T14:42:46.454371Z,100.0,100.0,496221,141,0,,,2,Adam,2.5,False,,2026-07-23T12:01:23.498963Z,,,2.5,Wharton,,a,10,Wharton,144,50,55,46,273,137,130,66,,,,,,,,,,,3,8,,,,,,61.0,,
2026-08-18T18:45:14.858352Z,211,252259.0,Brumtown bandits,2766450.0,105.0,51073.0,48023.0,5.0,louis,Doherty,11.0,,False,211,2,0,60,0,85.8,6,0,13.0,20.8,226,0,0,0,0,0,23.0,0,3,0.36,0.40,0.76,5.67,3,13,5,21,2026-07-22T14:42:46.455567Z,,,488024,166,0,,,1,Yéremy,3.0,False,,,,,3.0,Pino Santos,,a,12,Yeremy,256,107,36,31,144,73,129,65,,,,,,,,,,,3,8,26.0,95.0,44.0,18.0,7.0,49.0,-5.0,13.0
,,,,,,,,,,,,,,212,0,0,9,0,15.3,1,0,2.4,8.0,29,0,0,0,0,0,0.0,0,0,0.00,0.04,0.04,1.12,3,3,1,7,2026-07-22T14:42:46.456499Z,,,108413,471,0,,,1,Will,0.5,False,,,,,1.0,Hughes,,a,2,Hughes,312,140,210,117,383,158,311,141,,,,,,,,,,,3,8,,,,,,148.0,,
,,,,,,,,,,,,,,213,0,0,3,0,0.3,1,0,0.3,2.2,6,0,0,0,0,0,0.0,0,0,0.00,0.00,0.00,0.48,1,0,0,1,2026-07-22T14:42:46.457358Z,,,152551,288,0,,,1,Jefferson,0.2,False,,,,,1.0,Lerma Solís,,a,1,Lerma,363,166,363,177,494,193,376,173,,,,,,,,,,,3,8,,,,,,173.0,,
,,,,,,,,,,,,,,214,3,0,97,0,77.2,10,0,18.6,93.8,351,0,0,0,0,0,15.0,1,4,0.05,0.35,0.40,7.54,4,14,10,28,2026-07-22T14:42:46.458416Z,,,209400,291,0,,,8,Daichi,4.5,False,,,,,4.5,Kamada,,a,18,Kamada,56,23,45,38,185,94,66,44,,,,,,,,,,,3,8,,,,,,24.0,,
,,,,,,,,,,,,,,215,0,0,0,0,0.0,0,0,0.0,0.0,0,0,0,0,0,0,0.0,0,0,0.00,0.00,0.00,0.00,0,0,0,0,2026-07-22T14:42:46.459466Z,0.0,0.0,489706,320,0,,,0,Justin,0.0,False,Has joined Stoke City permanently,2026-09-02T15:41:07.346849Z,,,0.0,Devenny,,u,0,Devenny,586,247,593,252,566,235,591,249,,,,,,,,,,,3,8,,,,,,219.0,,
,,,,,,,,,,,,,,216,0,0,0,0,0.0,0,0,0.0,0.0,0,0,0,0,0,0,0.0,0,0,0.00,0.00,0.00,0.00,0,0,0,0,2026-07-22T14:42:46.460443Z,0.0,0.0,606921,350,0,,,0,Romain,0.0,False,Has joined Millwall on loan for the rest of the season,2026-09-02T15:41:07.376544Z,,,0.0,Esse,,u,0,Esse,603,258,610,263,586,249,608,260,,,,,,,,,,,3,8,,,,,,220.0,,
,,,,,,,,,,,,,,217,0,0,0,0,0.0,0,0,0.0,0.0,0,0,0,0,0,0,0.0,0,0,0.00,0.00,0.00,0.00,0,0,0,0,2026-07-22T14:42:46.461330Z,0.0,0.0,536694,372,0,,,0,Matheus,0.0,False,Has joined Alverca on loan for the rest of the season,2026-09-11T14:42:19.322912Z,,,0.0,França de Oliveira,,u,0,M.França,556,230,558,236,521,210,561,232,,,,,,,,,,,3,8,,,,,,221.0,,
,,,,,,,,,,,,,,218,0,0,0,0,0.0,0,0,0.0,0.0,0,0,0,0,0,0,0.0,0,0,0.00,0.00,0.00,0.00,0,0,0,0,2026-07-22T14:42:46.462006Z,,,438464,373,0,,,0,Cheick,0.0,False,,,,,0.0,Doucouré,,a,0,Doucouré,546,222,545,228,508,202,551,224,,,,,,,,,,,3,8,,,,,,222.0,,
,,,,,,,,,,,,,,219,0,0,0,0,0.0,0,0,0.0,0.0,0,0,0,0,0,0,0.0,0,0,0.00,0.00,0.00,0.00,0,0,0,0,2026-07-22T14:42:46.462989Z,0.0,0.0,450542,374,0,,,0,Jesurun,0.0,False,has joined  Kasimpasa on loan for the rest of the seaon.,2026-09-10T09:12:47.224598Z,,,0.0,Rak-Sakyi,,u,0,J.Rak-Sakyi,551,225,550,231,513,205,556,227,,,,,,,,,,,3,8,,,,,,223.0,,
,,,,,,,,,,,,,,220,0,0,0,0,0.0,0,0,0.0,0.0,0,0,0,0,0,0,0.0,0,0,0.00,0.00,0.00,0.00,0,0,0,0,2026-07-22T14:42:46.463884Z,0.0,0.0,590014,506,0,,,0,Rio,0.0,False,Has joined Bristol City on loan for the rest of the season,2026-08-12T14:08:46.501813Z,,,0.0,Cardines,,u,0,Cardines,506,195,505,195,462,188,511,195,,,,,,,,,,,2,8,,,,,,168.0,,
,,,,,,,,,,,,,,221,0,0,0,0,0.0,0,0,0.0,0.0,0,0,0,0,0,0,0.0,0,0,0.00,0.00,0.00,0.00,0,0,0,0,2026-07-22T14:42:46.464874Z,,,672492,507,0,,,0,Joél,0.0,False,,,,,0.0,Drakes-Thomas,,a,0,Drakes-Thomas,526,209,525,216,484,188,531,211,,,,,,,,,,,3,8,,,,,,224.0,,
2026-08-18T18:26:50.542019Z,222,252349.0,Blaine,2766411.0,66.0,51073.0,48023.0,6.0,Blaine,Guiney,7.0,,False,222,0,2,59,0,17.4,5,1,12.0,49.4,217,0,0,0,0,0,52.0,0,2,0.39,0.03,0.42,4.89,3,5,2,10,2026-07-22T14:42:46.465955Z,,,247412,97,0,,,8,Jørgen,3.0,False,,,,,3.0,Strand Larsen,,a,12,Strand Larsen,160,12,204,24,70,16,145,18,,,,,,,,,,,4,8,10.0,60.0,18.0,8.0,6.0,12.0,6.0,6.0
2026-08-18T18:14:36.421666Z,223,252265.0,AL XI,2766383.0,38.0,51073.0,48023.0,8.0,Aaron,Long,4.0,,False,223,0,0,-3,0,12.3,2,0,2.5,1.4,62,0,0,0,0,0,11.0,0,1,0.70,0.02,0.72,0.98,1,2,2,5,2026-07-22T14:42:46.466807Z,0.0,0.0,231747,41,0,,,0,Jean-Philippe,0.5,False,Hamstring injury - Expected back 11 Oct,2026-08-28T21:00:08.020382Z,,,2.0,Mateta,,i,2,Mateta,373,41,234,26,220,35,310,35,,,,,,,,,,,4,8,26.0,35.0,12.0,-14.0,28.0,39.0,-27.0,27.0
,,,,,,,,,,,,,,224,1,0,36,0,45.8,7,0,13.0,34.2,167,0,0,0,0,0,50.0,0,3,1.10,0.58,1.68,4.45,2,5,4,11,2026-07-22T14:42:46.467838Z,75.0,,205533,200,0,,,0,Eddie,1.8,False,Unspecified injury - 75% chance of playing,2026-09-12T14:00:09.427136Z,,,2.3,Nketiah,,d,7,Nketiah,211,19,105,11,76,19,128,16,,,,,,,,,,,4,8,,,,,,18.0,,
,,,,,,,,,,,,,,225,0,0,0,0,0.0,0,0,0.0,0.0,0,0,0,0,0,0,0.0,0,0,0.00,0.00,0.00,0.00,0,0,0,0,2026-07-22T14:42:46.468999Z,0.0,0.0,660392,331,0,,,0,Christantus,0.0,False,has returned to Getafe CF,2026-07-23T12:18:56.275922Z,,,0.0,Uche,,u,0,Uche,607,66,613,70,592,66,612,69,,,,,,,,,,,4,8,,,,,,63.0,,
2026-08-18T18:26:52.754360Z,226,252266.0,seans team,2766412.0,67.0,51073.0,48023.0,7.0,sean,kelly,7.0,,False,226,0,0,87,2,0.0,3,0,8.5,84.2,360,0,0,0,0,11,0.0,0,4,0.00,0.02,0.02,5.50,6,46,0,0,2026-07-22T14:42:46.470057Z,,,111234,128,0,,,6,Jordan,4.2,False,,,,,4.2,Pickford,,a,17,Pickford,71,11,630,69,616,68,197,12,,,,,,,,,,,1,9,5.0,61.0,4.0,-1.0,11.0,6.0,-2.0,7.0
2026-08-18T19:01:15.446097Z,227,252266.0,seans team,2766492.0,147.0,51073.0,48023.0,7.0,sean,kelly,15.0,,False,227,0,0,0,0,0.0,0,0,0.0,0.0,0,0,0,0,0,0,0.0,0,0,0.00,0.00,0.00,0.00,0,0,0,0,2026-07-22T14:42:46.471198Z,,,229600,375,0,,,0,Mark,0.0,False,,,,,0.0,Travers,,a,0,Travers,574,70,578,64,549,63,579,70,,,,,,,,,,,1,9,18.0,133.0,18.0,0.0,8.0,33.0,-15.0,18.0
,,,,,,,,,,,,,,228,0,0,0,0,0.0,0,0,0.0,0.0,0,0,0,0,0,0,0.0,0,0,0.00,0.00,0.00,0.00,0,0,0,0,2026-07-22T14:42:46.472169Z,,,138001,533,0,,,0,Tom,0.0,False,,,,,0.0,King,,a,0,King,460,54,457,38,406,34,465,54,,,,,,,,,,,1,9,,,,,,34.0,,
2026-08-18T18:26:08.993202Z,229,252267.0,Jeeves,2766409.0,64.0,51073.0,48023.0,4.0,James,Reeves,7.0,,False,229,0,4,95,2,14.9,3,1,15.7,113.6,360,0,0,0,0,0,29.0,0,4,0.17,0.03,0.20,5.50,29,13,10,39,2026-07-22T14:42:46.472860Z,,,17761,61,0,,,8,James,7.2,True,,,,,7.2,Tarkowski,,a,29,Tarkowski,21,4,214,71,126,36,93,28,,,,,,,,,,,2,9,3.0,58.0,15.0,12.0,17.0,4.0,11.0,7.0
2026-08-18T18:40:11.147244Z,230,252260.0,selgar fc,2766445.0,100.0,51073.0,48023.0,10.0,Sam,Elgar,10.0,,False,230,0,0,70,2,6.3,3,0,19.1,112.8,360,0,0,0,0,0,73.0,0,4,0.17,0.02,0.19,5.50,35,11,5,40,2026-07-22T14:42:46.473535Z,,,480455,195,0,,,6,Jarrad,4.8,False,,,,,4.8,Branthwaite,,a,19,Branthwaite,24,6,264,94,43,4,62,10,,,,,,,,,,,2,9,8.0,91.0,29.0,21.0,9.0,18.0,11.0,8.0
,,,,,,,,,,,,,,231,0,0,0,0,0.0,0,0,0.0,0.0,0,0,0,0,0,0,0.0,0,0,0.00,0.00,0.00,0.00,0,0,0,0,2026-07-22T14:42:46.474208Z,,,106611,249,0,,,0,Michael,0.0,False,,,,,0.0,Keane,,a,0,Keane,529,198,529,198,488,193,534,198,,,,,,,,,,,2,9,,,,,,169.0,,
,,,,,,,,,,,,,,232,0,0,2,0,0.0,0,0,0.1,1.0,15,0,0,0,0,0,0.0,0,0,0.00,0.00,0.00,0.26,1,1,0,1,2026-07-22T14:42:46.475056Z,,,512462,256,0,,,1,Jake,0.2,False,,,,,1.0,O'Brien,,a,1,O'Brien,378,139,555,202,518,199,387,140,,,,,,,,,,,2,9,,,,,,130.0,,
,,,,,,,,,,,,,,233,0,3,80,2,28.6,3,0,12.2,86.8,360,0,0,0,0,0,6.0,0,4,0.00,0.14,0.14,5.50,22,19,11,33,2026-07-22T14:42:46.475921Z,,,224967,450,0,,,11,Vitalii,5.5,False,,,,,5.5,Mykolenko,,a,22,Mykolenko,63,26,162,50,252,89,140,52,,,,,,,,,,,2,9,,,,,,15.0,,
,,,,,,,,,,,,,,234,0,0,0,0,0.0,0,0,0.0,0.0,0,0,0,0,0,0,0.0,0,0,0.00,0.00,0.00,0.00,0,0,0,0,2026-07-22T14:42:46.476786Z,0.0,0.0,243571,484,0,,,0,Nathan,0.0,False,Has joined Torino permanently,2026-09-02T16:05:23.326971Z,,,0.0,Patterson,,u,0,Patterson,472,185,470,185,420,174,477,185,,,,,,,,,,,2,9,,,,,,170.0,,
,,,,,,,,,,,,,,235,0,0,0,0,0.0,0,0,0.0,0.0,0,0,0,0,0,0,0.0,0,0,0.00,0.00,0.00,0.00,0,0,0,0,2026-07-22T14:42:46.477601Z,0.0,0.0,499300,609,0,,,0,Adam,0.0,False,Has joined Malaga on loan for the rest of the season,2026-09-01T13:23:16.934847Z,,,0.0,Aznou,,u,0,Aznou,423,156,417,156,357,137,428,156,,,,,,,,,,,2,9,,,,,,171.0,,
2026-08-18T18:24:09.202533Z,236,252262.0,Forrest FC,2766404.0,59.0,51073.0,48023.0,9.0,Sam,Forrest,6.0,,False,236,0,3,100,2,129.6,3,1,32.8,101.2,360,0,0,0,0,0,97.0,1,4,0.62,0.49,1.11,5.46,5,21,9,35,2026-07-22T14:42:46.478465Z,,,215413,36,0,,,2,Kiernan,4.2,False,,,,,4.2,Dewsbury-Hall,,a,17,Dewsbury-Hall,43,18,9,8,23,13,13,11,,,,,,,,,,,3,9,17.0,54.0,25.0,8.0,15.0,29.0,-4.0,12.0
2026-08-18T18:22:00.267335Z,237,252349.0,Blaine,2766400.0,55.0,51073.0,48023.0,5.0,Blaine,Guiney,6.0,,False,237,1,1,79,2,74.0,1,0,21.5,70.2,311,0,0,0,0,0,70.0,0,3,0.28,0.44,0.72,6.27,9,23,8,40,2026-07-22T14:42:46.479183Z,,,440993,75,0,,,1,Iliman,4.2,False,,,,,4.2,Ndiaye,,a,17,Ndiaye,93,30,50,41,48,29,45,34,,,,,,,,,,,3,15,18.0,50.0,23.0,5.0,18.0,30.0,-7.0,17.0
,,,,,,,,,,,,,,238,0,0,14,0,14.1,1,0,3.7,10.4,57,0,0,0,0,0,12.0,0,0,0.02,0.14,0.16,0.61,2,1,3,6,2026-07-22T14:42:46.479982Z,100.0,100.0,114283,43,0,,,1,Jack,0.8,False,,2026-07-29T10:00:10.492904Z,,,1.0,Grealish,,a,3,Grealish,297,127,220,120,211,108,288,128,,,,,,,,,,,3,9,,,,,,131.0,,
,,,,,,,,,,,,,,239,0,0,57,1,49.1,2,0,10.1,41.4,238,0,0,0,0,0,9.0,2,3,0.04,0.13,0.17,2.01,5,20,11,36,2026-07-22T14:42:46.480882Z,100.0,100.0,232928,63,0,,,4,James,2.0,False,,2026-09-06T18:00:08.301702Z,,,2.0,Garner,,a,8,Garner,179,70,97,66,235,118,174,83,,,,,,,,,,,3,9,,,,,,82.0,,
,,,,,,,,,,,,,,240,0,0,4,0,0.2,0,0,0.3,3.0,25,0,0,0,0,0,0.0,1,0,0.00,0.00,0.00,0.35,1,0,1,2,2026-07-22T14:42:46.481814Z,100.0,100.0,490094,289,0,,,0,Tim,0.2,False,,2026-08-15T20:00:06.878792Z,,,0.5,Iroegbunam,,a,1,Iroegbunam,358,163,372,184,567,236,377,174,,,,,,,,,,,3,11,,,,,,174.0,,
,,,,,,,,,,,,,,241,0,0,13,0,5.0,3,0,1.7,10.0,84,0,0,0,0,0,2.0,0,1,0.05,0.02,0.07,1.18,4,3,0,7,2026-07-22T14:42:46.482656Z,,,433154,179,0,,,0,Dwight,0.8,False,,,,,1.5,McNeil,,a,3,McNeil,301,131,274,143,310,152,331,151,,,,,,,,,,,3,8,,,,,,132.0,,
,,,,,,,,,,,,,,242,0,3,73,2,85.4,3,1,22.0,63.6,298,0,0,0,0,0,71.0,0,4,0.32,0.31,0.63,3.33,5,10,1,16,2026-07-22T14:42:46.483395Z,,,550615,208,0,,,3,Tyrique,4.5,False,,,,,4.5,George,,a,18,George,111,35,38,32,46,28,43,32,,,,,,,,,,,3,9,,,,,,25.0,,
,,,,,,,,,,,,,,243,0,0,5,0,0.8,0,0,2.7,5.0,5,0,0,0,0,0,25.0,1,0,0.05,0.02,0.07,0.04,0,2,1,3,2026-07-22T14:42:46.484132Z,,,502697,327,0,,,0,Carlos,0.2,False,,,,,0.5,Alcaraz Durán,,a,1,Alcaraz,337,153,342,170,134,68,302,137,,,,,,,,,,,3,9,,,,,,175.0,,
,,,,,,,,,,,,,,244,1,0,48,2,38.2,3,0,11.2,57.6,356,0,0,0,0,0,15.0,1,4,0.09,0.12,0.21,5.50,12,17,6,35,2026-07-22T14:42:46.484787Z,,,609873,329,0,,,3,Harrison,3.5,False,,,,,3.5,Armstrong,,a,14,Armstrong,131,43,136,86,188,96,151,73,,,,,,,,,,,3,9,,,,,,38.0,,
,,,,,,,,,,,,,,245,0,0,0,0,0.0,0,0,0.0,0.0,0,0,0,0,0,0,0.0,0,0,0.00,0.00,0.00,0.00,0,0,0,0,2026-07-22T14:42:46.485471Z,,,496661,202,0,,,0,Tyler,0.0,False,,,,,0.0,Dibling,,a,0,Dibling,622,270,625,272,610,264,626,271,,,,,,,,,,,3,9,,,,,,225.0,,
,,,,,,,,,,,,,,246,0,0,35,1,32.1,2,0,6.1,26.6,249,0,0,0,0,0,2.0,1,3,0.00,0.20,0.20,4.52,6,13,5,24,2026-07-22T14:42:46.486226Z,,,513466,321,0,,,0,Merlin,1.5,False,,,,,2.0,Röhl,,a,6,Röhl,233,95,151,93,302,148,239,108,,,,,,,,,,,3,9,,,,,,102.0,,
,,,,,,,,,,,,,,247,1,0,36,1,49.9,1,0,11.1,40.2,136,0,0,0,0,0,21.0,0,1,0.05,0.13,0.18,3.75,4,5,3,12,2026-07-22T14:42:46.486988Z,100.0,100.0,244860,222,0,,,1,Hayden,2.2,False,,2026-08-26T22:00:07.797766Z,,,2.2,Hackney,,a,9,Hackney,182,72,94,64,151,78,154,75,,,,,,,,,,,3,9,,,,,,68.0,,
,,,,,,,,,,,,,,248,0,0,5,0,0.3,0,0,0.8,3.0,31,0,0,0,0,0,5.0,0,0,0.09,0.00,0.09,1.92,1,0,0,1,2026-07-22T14:42:46.487937Z,0.0,0.0,486385,146,0,,,0,Norberto Bercique,0.5,False,Has joined Fiorentina permanently,2026-09-02T16:05:23.357221Z,,,1.0,Gomes Betuncal,,u,2,Beto,359,39,367,46,272,39,361,41,,,,,,,,,,,4,9,,,,,,40.0,,
2026-08-18T18:46:19.956731Z,249,252264.0,Jack Busst,2766454.0,109.0,51073.0,48023.0,9.0,Jack,Busst,11.0,,False,249,0,2,55,2,59.7,3,1,29.1,51.4,327,0,0,0,0,0,180.0,0,4,2.98,0.14,3.12,3.58,3,8,1,12,2026-07-22T14:42:46.488819Z,,,586309,151,0,,,2,Thierno,3.5,False,,,,,3.5,Barry,,a,14,Barry,152,10,70,4,3,2,19,4,,,,,,,,,,,4,9,9.0,99.0,24.0,15.0,3.0,10.0,14.0,3.0
2026-08-18T19:00:35.930646Z,250,252267.0,Jeeves,2766489.0,144.0,51073.0,48023.0,4.0,James,Reeves,15.0,,False,250,0,2,59,1,0.0,7,0,9.3,93.0,360,0,0,0,0,11,0.0,0,4,0.00,0.00,0.00,7.51,4,33,0,0,2026-07-22T14:42:46.489704Z,,,80201,432,0,,,9,Bernd,3.8,False,,,,,3.8,Leno,,a,15,Leno,58,9,450,32,398,28,183,9,,,,,,,,,,,1,10,8.0,130.0,17.0,9.0,3.0,9.0,8.0,3.0
,,,,,,,,,,,,,,251,0,0,0,0,0.0,0,0,0.0,0.0,0,0,0,0,0,0,0.0,0,0,0.00,0.00,0.00,0.00,0,0,0,0,2026-07-22T14:42:46.490497Z,,,86873,610,0,,,0,Benjamin,0.0,False,,,,,0.0,Lecomte,,a,0,Lecomte,397,30,389,11,328,7,401,30,,,,,,,,,,,1,10,,,,,,35.0,,
,,,,,,,,,,,,,,252,0,0,0,0,0.0,0,0,0.0,0.0,0,0,0,0,0,0,0.0,0,0,0.00,0.00,0.00,0.00,0,0,0,0,2026-07-22T14:42:46.491235Z,0.0,0.0,505079,611,0,,,0,Alfie,0.0,False,Has joined York City on loan for the rest of the season,2026-09-01T13:25:11.231240Z,,,0.0,McNally,,u,0,McNally,425,45,419,26,359,22,430,45,,,,,,,,,,,1,10,,,,,,36.0,,
,,,,,,,,,,,,,,253,0,0,12,0,35.8,4,0,8.6,42.2,180,0,0,0,0,0,8.0,1,2,0.00,0.10,0.10,3.99,13,9,2,15,2026-07-22T14:42:46.492067Z,100.0,100.0,174874,254,0,,,0,Joachim,0.5,False,,2026-07-23T12:01:23.516350Z,,,1.0,Andersen,,a,2,Andersen,174,74,140,41,240,85,196,73,,,,,,,,,,,2,10,,,,,,116.0,,
,,,,,,,,,,,,,,254,0,0,46,1,76.7,7,0,15.8,63.6,339,0,0,0,0,0,18.0,0,4,0.26,0.21,0.47,7.48,14,16,10,24,2026-07-22T14:42:46.492885Z,,,169528,462,0,,,6,Antonee,2.5,False,,,,,2.5,Robinson,,a,10,Robinson,110,52,46,6,163,49,90,25,,,,,,,,,,,2,10,,,,,,50.0,,
,,,,,,,,,,,,,,255,0,0,7,0,21.3,3,0,5.4,32.8,90,0,0,0,0,0,0.0,0,1,0.00,0.03,0.03,2.24,9,3,1,10,2026-07-22T14:42:46.493570Z,,,246301,476,0,,,0,Jorge,0.8,False,,,,,3.0,Cuenca Barreno,,a,3,J.Cuenca,214,91,190,62,422,176,250,92,,,,,,,,,,,2,10,,,,,,104.0,,
,,,,,,,,,,,,,,256,0,0,-1,0,0.3,0,0,0.4,1.6,27,0,0,0,0,0,2.0,1,0,0.00,0.00,0.00,0.65,3,0,0,3,2026-07-22T14:42:46.494278Z,,,167074,455,0,,,0,Kenny,0.0,False,,,,,0.0,Tete,,a,0,Tete,370,137,362,138,298,111,369,134,,,,,,,,,,,2,10,,,,,,172.0,,
,,,,,,,,,,,,,,257,0,0,43,1,13.5,7,0,10.7,70.4,360,0,0,0,0,0,23.0,1,4,0.07,0.07,0.14,7.51,17,15,4,21,2026-07-22T14:42:46.495053Z,,,232892,445,0,,,6,Calvin,2.2,False,,,,,2.2,Bassey,,a,9,Bassey,92,40,224,78,141,43,165,63,,,,,,,,,,,2,10,,,,,,56.0,,
,,,,,,,,,,,,,,258,2,0,61,2,53.4,6,0,17.8,69.8,318,0,0,0,0,0,55.0,1,4,0.67,0.38,1.05,5.21,14,14,6,20,2026-07-22T14:42:46.495710Z,,,166477,464,0,,,6,Timothy,4.8,False,,,,,4.8,Castagne,,a,19,Castagne,95,42,81,18,65,9,71,16,,,,,,,,,,,2,10,,,,,,19.0,,
,,,,,,,,,,,,,,259,0,0,32,0,13.7,10,0,10.8,90.2,360,0,0,0,0,0,4.0,0,4,0.00,0.15,0.15,6.74,31,17,4,35,2026-07-22T14:42:46.496492Z,,,219924,581,0,,,1,Issa,2.0,False,,,,,2.0,Diop,,a,8,Diop,61,24,221,76,277,99,160,60,,,,,,,,,,,2,12,,,,,,63.0,,
2026-08-18T18:17:33.032036Z,260,252266.0,seans team,2766392.0,47.0,51073.0,48023.0,7.0,sean,kelly,5.0,,False,260,0,0,19,1,52.4,1,0,8.5,19.2,145,0,0,0,0,0,12.0,1,1,0.01,0.09,0.10,3.28,3,4,4,11,2026-07-22T14:42:46.497619Z,,,153682,34,0,,,1,Harry,1.2,False,,,,,1.2,Wilson,,a,5,Wilson,262,110,87,59,210,107,199,92,,,,,,,,,,,3,13,40.0,43.0,18.0,-22.0,46.0,113.0,-95.0,43.0
,,,,,,,,,,,,,,261,0,0,67,1,104.2,7,0,16.7,39.6,338,0,0,0,0,0,23.0,0,4,0.20,0.81,1.01,7.04,4,14,4,22,2026-07-22T14:42:46.498455Z,,,153133,148,0,,,3,Alex,2.2,False,,,,,2.2,Iwobi,,a,9,Iwobi,185,74,26,24,143,72,80,48,,,,,,,,,,,3,10,,,,,,69.0,,
,,,,,,,,,,,,,,262,0,0,11,0,23.8,0,0,4.0,6.6,38,0,0,0,0,0,9.0,0,0,0.06,0.02,0.08,0.87,1,2,0,3,2026-07-22T14:42:46.499254Z,,,209289,163,0,,,1,Emile,0.8,False,,,,,1.0,Smith Rowe,,a,3,Smith Rowe,323,146,177,102,231,114,278,122,,,,,,,,,,,3,10,,,,,,133.0,,
,,,,,,,,,,,,,,263,0,0,8,0,6.7,0,0,1.3,5.4,42,0,0,0,0,0,1.0,0,0,0.03,0.12,0.15,0.74,0,3,3,6,2026-07-22T14:42:46.500013Z,,,560552,181,0,,,1,Kevin,0.8,False,,,,,1.0,Santos Lopes de Macedo,,a,3,Kevin,331,150,260,134,318,157,342,157,,,,,,,,,,,3,10,,,,,,134.0,,
,,,,,,,,,,,,,,264,0,0,47,2,115.0,6,0,22.2,38.0,273,0,0,0,0,0,69.0,0,4,0.32,1.05,1.37,5.07,4,12,6,22,2026-07-22T14:42:46.500789Z,,,477555,189,0,,,3,Oscar,2.5,False,,,,,2.5,Bobb,,a,10,Bobb,191,76,17,16,49,30,42,31,,,,,,,,,,,3,10,,,,,,62.0,,
,,,,,,,,,,,,,,265,0,0,51,1,65.6,5,0,12.2,41.4,273,0,0,0,0,0,15.0,0,3,0.03,0.34,0.37,6.18,5,8,4,17,2026-07-22T14:42:46.501664Z,,,207189,273,0,,,3,Sander,2.0,False,,,,,2.0,Berge,,a,8,Berge,178,69,58,47,183,92,141,70,,,,,,,,,,,3,10,,,,,,83.0,,
,,,,,,,,,,,,,,266,0,0,0,0,0.0,0,0,0.0,0.0,0,0,0,0,0,0,0.0,0,0,0.00,0.00,0.00,0.00,0,0,0,0,2026-07-22T14:42:46.502549Z,0.0,0.0,76357,315,0,,,0,Tom,0.0,False,Knee injury - Expected back 10 Oct,2026-08-14T18:00:06.460944Z,,,0.0,Cairney,,i,0,Cairney,563,236,564,241,533,221,568,238,,,,,,,,,,,3,10,,,,,,226.0,,
,,,,,,,,,,,,,,267,1,0,54,0,64.4,9,0,13.2,61.4,328,0,0,0,0,0,6.0,2,4,0.02,0.16,0.18,5.61,15,10,6,31,2026-07-22T14:42:46.503352Z,,,212314,292,0,,,1,Saša,2.2,False,,,,,2.2,Lukić,,a,9,Lukić,119,38,60,49,258,128,126,64,,,,,,,,,,,3,12,,,,,,70.0,,
,,,,,,,,,,,,,,268,0,3,99,1,60.4,7,2,30.2,108.2,346,0,0,0,0,0,133.0,0,4,1.16,0.43,1.59,7.04,4,12,7,23,2026-07-22T14:42:46.504145Z,,,577725,174,0,,,3,Josh,5.5,False,,,,,5.5,King,,a,22,King,34,14,67,52,8,3,16,13,,,,,,,,,,,3,10,,,,,,16.0,,
,,,,,,,,,,,,,,269,0,0,13,0,26.3,1,0,7.5,17.2,50,0,0,0,0,0,31.0,0,0,0.13,0.44,0.57,1.80,2,3,1,3,2026-07-22T14:42:46.505013Z,75.0,,184349,451,0,,,0,Ryan,0.8,False,Groin injury - 75% chance of playing,2026-09-14T11:30:07.403957Z,,,1.0,Sessegnon,,d,3,Sessegnon,270,110,170,54,120,33,210,77,,,,,,,,,,,2,10,,,,,,105.0,,
,,,,,,,,,,,,,,270,0,0,0,0,0.0,0,0,0.0,0.0,0,0,0,0,0,0,0.0,0,0,0.00,0.00,0.00,0.00,0,0,0,0,2026-07-22T14:42:46.505801Z,,,153366,491,0,,,0,Harrison,0.0,False,,,,,0.0,Reed,,a,0,Reed,447,181,441,188,386,159,452,183,,,,,,,,,,,3,10,,,,,,227.0,,
,,,,,,,,,,,,,,271,0,0,15,0,21.9,0,0,6.9,11.2,28,0,0,0,0,0,36.0,0,0,0.40,0.00,0.40,0.49,2,0,0,2,2026-07-22T14:42:46.506625Z,,,244042,193,0,,,1,Rodrigo,0.8,False,,,,,1.0,Muniz Carvalho,,a,3,Muniz,291,29,189,22,112,23,222,23,,,,,,,,,,,4,10,,,,,,34.0,,
,,,,,,,,,,,,,,272,0,0,0,0,0.0,0,0,0.0,0.0,0,0,0,0,0,0,0.0,0,0,0.00,0.00,0.00,0.00,0,0,0,0,2026-07-22T14:42:46.507489Z,,,631786,502,0,,,0,Jonah,0.0,False,,,,,0.0,Kusi-Asare,,a,0,Kusi-Asare,520,55,519,60,478,54,525,58,,,,,,,,,,,4,10,,,,,,64.0,,
,,,,,,,,,,,,,,273,0,0,0,0,0.0,0,0,0.0,0.0,0,0,0,0,0,0,0.0,0,0,0.00,0.00,0.00,0.00,0,0,0,0,2026-07-22T14:42:46.508340Z,,,167825,612,0,,,0,Dillon,0.0,False,,,,,0.0,Phillips,,a,0,Phillips,404,35,397,16,336,12,408,35,,,,,,,,,,,1,11,,,,,,37.0,,
,,,,,,,,,,,,,,274,0,0,0,0,0.0,0,0,0.0,0.0,0,0,0,0,0,0,0.0,0,0,0.00,0.00,0.00,0.00,0,0,0,0,2026-07-22T14:42:46.509252Z,0.0,0.0,105666,534,0,,,0,Jack,0.0,False,Arm injury - Unknown return date,2026-08-08T19:00:05.601633Z,,,0.0,Butland,,i,0,Butland,457,51,453,34,402,30,462,51,,,,,,,,,,,1,11,,,,,,38.0,,
,,,,,,,,,,,,,,275,0,0,0,0,0.0,0,0,0.0,0.0,0,0,0,0,0,0,0.0,0,0,0.00,0.00,0.00,0.00,0,0,0,0,2026-07-22T14:42:46.510129Z,0.0,0.0,494950,613,0,,,0,Harvey,0.0,False,Has joined Grimsby Town on loan for the rest of the season,2026-07-29T13:00:27.959925Z,,,0.0,Cartwright,,u,0,Cartwright,422,44,416,25,356,21,427,44,,,,,,,,,,,1,11,,,,,,39.0,,
,,,,,,,,,,,,,,276,0,0,0,0,0.0,0,0,0.0,0.0,0,0,0,0,0,0,0.0,0,0,0.00,0.00,0.00,0.00,0,0,0,0,2026-07-22T14:42:46.511035Z,0.0,0.0,444307,614,0,,,0,Thimothée,0.0,False,Has joined Colchester United on loan for the rest of the season,2026-08-17T13:50:27.125537Z,,,0.0,Lo-Tutala,,u,0,Lo-Tutala,415,41,409,22,349,18,420,41,,,,,,,,,,,1,11,,,,,,40.0,,
,,,,,,,,,,,,,,277,0,1,69,3,1.1,2,0,10.7,96.8,360,0,0,0,0,0,8.0,1,4,0.04,0.00,0.04,5.96,48,11,7,55,2026-07-22T14:42:46.511957Z,,,108416,615,0,,,2,John,6.2,False,,,,,6.2,Egan,,a,25,Egan,48,19,332,122,236,82,164,62,,,,,,,,,,,2,11,,,,,,8.0,,
,,,,,,,,,,,,,,278,0,0,0,0,0.0,0,0,0.0,0.0,0,0,0,0,0,0,0.0,0,0,0.00,0.00,0.00,0.00,0,0,0,0,2026-07-22T14:42:46.512753Z,0.0,0.0,501902,616,0,,,0,Charlie,0.0,False,Groin injury - Unknown return date,2026-08-02T09:00:11.030017Z,,,0.0,Hughes,,i,0,Hughes,389,143,381,141,320,121,393,142,,,,,,,,,,,2,11,,,,,,173.0,,
,,,,,,,,,,,,,,279,0,2,74,3,3.0,2,1,12.0,76.2,333,0,0,0,0,0,41.0,1,4,0.65,0.00,0.65,4.99,19,11,4,23,2026-07-22T14:42:46.513481Z,100.0,100.0,146426,617,0,,,1,Semi,6.5,False,,2026-08-22T17:30:07.668197Z,,,6.5,Ajayi,,a,26,Ajayi,81,35,295,105,96,22,143,53,,,,,,,,,,,2,11,,,,,,6.0,,
,,,,,,,,,,,,,,280,0,0,46,2,27.1,2,0,5.0,17.4,258,0,0,0,0,0,5.0,1,4,0.13,0.03,0.16,4.78,7,8,2,9,2026-07-22T14:42:46.514293Z,100.0,100.0,193278,618,0,,,1,Lewie,3.2,False,,2026-08-29T16:30:08.151841Z,,,3.2,Coyle,,a,13,Coyle,269,109,168,53,267,96,258,97,,,,,,,,,,,2,11,,,,,,35.0,,
,,,,,,,,,,,,,,281,0,0,8,0,0.4,0,0,0.8,6.4,65,0,0,0,0,0,1.0,0,0,0.05,0.00,0.05,0.87,5,4,1,6,2026-07-22T14:42:46.514990Z,0.0,0.0,433590,619,0,,,0,Cody,0.5,False,Has joined Genoa permanently,2026-09-02T16:09:06.479140Z,,,1.0,Drameh,,u,2,Drameh,325,124,359,135,316,118,358,130,,,,,,,,,,,2,11,,,,,,117.0,,
,,,,,,,,,,,,,,282,1,2,95,3,93.7,2,0,17.1,70.6,354,0,0,0,0,0,6.0,0,4,0.02,0.35,0.37,5.89,15,12,4,19,2026-07-22T14:42:46.515830Z,,,232351,620,0,,,4,Ryan,6.0,False,,,,,6.0,Giles,,a,24,Giles,91,39,29,3,250,87,73,18,,,,,,,,,,,2,11,,,,,,11.0,,
,,,,,,,,,,,,,,283,0,0,0,0,0.0,0,0,0.0,0.0,0,0,0,0,0,0,0.0,0,0,0.00,0.00,0.00,0.00,0,0,0,0,2026-07-22T14:42:46.516631Z,0.0,0.0,449428,621,0,,,0,Matty,0.0,False,Has joined Newport County on loan until January,2026-08-02T09:00:11.038361Z,,,0.0,Jacob,,u,0,Jacob,416,152,410,152,350,133,421,152,,,,,,,,,,,2,11,,,,,,174.0,,
,,,,,,,,,,,,,,284,0,0,0,0,0.0,0,0,0.0,0.0,0,0,0,0,0,0,0.0,0,0,0.00,0.00,0.00,0.00,0,0,0,0,2026-07-22T14:42:46.517418Z,,,661800,622,0,,,0,Cathal,0.0,False,,,,,0.0,McCarthy,,a,0,McCarthy,445,176,439,176,382,160,450,176,,,,,,,,,,,2,11,,,,,,175.0,,
,,,,,,,,,,,,,,285,0,0,3,0,0.0,0,0,0.4,4.2,26,0,0,0,0,0,0.0,0,0,0.00,0.00,0.00,0.96,2,1,0,2,2026-07-22T14:42:46.518093Z,100.0,100.0,160817,623,0,,,0,Paddy,0.2,False,,2026-09-09T13:30:08.327907Z,,,1.0,McNair,,a,1,McNair,344,131,396,145,335,125,368,133,,,,,,,,,,,2,11,,,,,,131.0,,
,,,,,,,,,,,,,,286,1,2,89,3,38.4,1,2,22.2,124.8,312,0,0,0,0,0,59.0,0,4,0.37,0.12,0.49,5.13,14,9,10,33,2026-07-22T14:42:46.518788Z,,,540324,376,0,,,13,Mohamed,6.8,False,,,,,6.8,Belloumi,,a,27,Belloumi,14,9,133,84,59,39,41,30,,,,,,,,,,,3,11,,,,,,10.0,,
,,,,,,,,,,,,,,287,0,0,26,0,1.1,0,1,5.2,36.0,50,0,0,0,0,0,15.0,1,0,0.58,0.00,0.58,0.87,2,1,1,4,2026-07-22T14:42:46.519453Z,0.0,0.0,232905,377,0,,,0,Liam,1.5,False,Has joined Birmingham on loan for the rest of the season,2026-09-02T15:36:41.038103Z,,,3.0,Millar,,u,6,Millar,201,83,334,168,186,95,256,113,,,,,,,,,,,3,11,,,,,,103.0,,
,,,,,,,,,,,,,,288,0,0,0,0,0.0,0,0,0.0,0.0,0,0,0,0,0,0,0.0,0,0,0.00,0.00,0.00,0.00,0,0,0,0,2026-07-22T14:42:46.520158Z,,,171270,535,0,,,0,Kieran,0.0,False,,,,,0.0,Dowell,,a,0,Dowell,461,184,458,191,407,163,466,186,,,,,,,,,,,3,11,,,,,,228.0,,
,,,,,,,,,,,,,,289,0,0,11,1,2.8,2,0,3.2,30.0,158,0,0,0,0,0,0.0,2,2,0.00,0.00,0.00,2.38,9,4,6,19,2026-07-22T14:42:46.520945Z,100.0,100.0,101282,536,0,,,1,Matt,0.8,False,,2026-08-29T15:00:08.569326Z,,,1.5,Crooks,,a,3,Crooks,224,88,302,155,401,162,294,131,,,,,,,,,,,3,11,,,,,,135.0,,
,,,,,,,,,,,,,,290,1,0,58,3,61.3,2,0,13.7,58.0,360,0,0,0,0,0,17.0,1,4,0.08,0.56,0.64,5.96,8,13,9,30,2026-07-22T14:42:46.521610Z,,,243413,537,0,,,2,Regan,3.2,False,,,,,3.2,Slater,,a,13,Slater,129,42,65,51,170,88,117,59,,,,,,,,,,,3,11,,,,,,43.0,,
,,,,,,,,,,,,,,291,0,0,0,0,0.0,0,0,0.0,0.0,0,0,0,0,0,0,0.0,0,0,0.00,0.00,0.00,0.00,0,0,0,0,2026-07-22T14:42:46.522261Z,0.0,0.0,465525,538,0,,,0,Eliot,0.0,False,Knee injury - Unknown return date,2026-07-23T12:01:23.532635Z,,,0.0,Matazo,,i,0,Matazo,477,187,476,194,429,166,482,189,,,,,,,,,,,3,11,,,,,,229.0,,
,,,,,,,,,,,,,,292,0,0,0,0,0.0,0,0,0.0,0.0,0,0,0,0,0,0,0.0,0,0,0.00,0.00,0.00,0.00,0,0,0,0,2026-07-22T14:42:46.522909Z,,,208481,378,0,,,0,Abdülkadir,0.0,False,,,,,0.0,Ömür,,a,0,Ömür,541,218,538,223,500,197,545,219,,,,,,,,,,,3,11,,,,,,230.0,,
,,,,,,,,,,,,,,293,0,0,0,0,0.0,0,0,0.0,0.0,0,0,0,0,0,0,0.0,0,0,0.00,0.00,0.00,0.00,0,0,0,0,2026-07-22T14:42:46.523533Z,0.0,0.0,490161,379,0,,,0,Abu,0.0,False,Has joined Portsmouth permanently,2026-08-12T14:08:23.542043Z,,,0.0,Kamara,,u,0,Kamara,587,248,594,253,568,237,592,250,,,,,,,,,,,3,11,,,,,,231.0,,
,,,,,,,,,,,,,,294,0,0,0,0,0.0,0,0,0.0,0.0,0,0,0,0,0,0,0.0,0,0,0.00,0.00,0.00,0.00,0,0,0,0,2026-07-22T14:42:46.524338Z,100.0,100.0,553783,539,0,,,0,Óscar,0.0,False,,2026-08-04T18:30:11.016909Z,,,0.0,Zambrano,,a,0,Zambrano,496,193,496,200,452,172,501,195,,,,,,,,,,,3,11,,,,,,232.0,,
2026-08-18T18:56:25.047858Z,295,252266.0,seans team,2766479.0,134.0,51073.0,48023.0,4.0,sean,kelly,14.0,,False,295,2,0,47,3,56.5,2,0,19.4,44.2,351,0,0,0,0,0,94.0,2,4,0.87,0.11,0.98,5.77,6,6,3,15,2026-07-22T14:42:46.525124Z,,,169432,223,0,,,4,Oli,3.0,False,,,,,3.0,McBurnie,,a,12,McBurnie,171,14,76,5,24,9,58,10,,,,,,,,,,,4,11,11.0,121.0,28.0,17.0,2.0,13.0,15.0,2.0
,,,,,,,,,,,,,,296,0,0,0,0,0.0,0,0,0.0,0.0,0,0,0,0,0,0,0.0,0,0,0.00,0.00,0.00,0.00,0,0,0,0,2026-07-22T14:42:46.525945Z,0.0,0.0,213292,380,0,,,0,David,0.0,False,Has joined Omonoia FC permanently,2026-09-11T14:42:38.120231Z,,,0.0,Akintola,,u,0,Akintola,570,240,574,245,545,226,575,242,,,,,,,,,,,3,11,,,,,,233.0,,
,,,,,,,,,,,,,,297,0,0,0,0,0.0,0,0,0.0,0.0,0,0,0,0,0,0,0.0,0,0,0.00,0.00,0.00,0.00,0,0,0,0,2026-07-22T14:42:46.526782Z,0.0,0.0,470294,540,0,,,0,Darko,0.0,False,Thigh injury - Unknown return date,2026-08-04T18:30:11.027155Z,,,0.0,Gyabi,,i,0,Gyabi,478,188,477,195,430,167,483,190,,,,,,,,,,,3,11,,,,,,234.0,,
,,,,,,,,,,,,,,298,0,0,0,0,0.0,0,0,0.0,0.0,0,0,0,0,0,0,0.0,0,0,0.00,0.00,0.00,0.00,0,0,0,0,2026-07-22T14:42:46.527622Z,0.0,0.0,500957,541,0,,,0,Enis,0.0,False,Has joined Konyaspor permanently,2026-08-17T13:50:27.145733Z,,,0.0,Destan,,u,0,Destan,484,46,484,52,440,45,489,49,,,,,,,,,,,4,11,,,,,,65.0,,
,,,,,,,,,,,,,,299,0,0,0,0,0.0,0,0,0.0,0.0,0,0,0,0,0,0,0.0,0,0,0.00,0.00,0.00,0.00,0,0,0,0,2026-07-22T14:42:46.528361Z,0.0,0.0,534392,542,0,,,0,Mason,0.0,False,Has joined Sheffield Wednesday on loan for the rest of the season,2026-08-03T14:05:20.234842Z,,,0.0,Burstow,,u,0,Burstow,491,47,491,53,447,46,496,50,,,,,,,,,,,4,11,,,,,,66.0,,
,,,,,,,,,,,,,,300,0,0,0,0,0.0,0,0,0.0,0.0,0,0,0,0,0,0,0.0,0,0,0.00,0.00,0.00,0.00,0,0,0,0,2026-07-22T14:42:46.529444Z,,,108813,543,0,,,0,Christian,0.0,False,,,,,0.0,Walton,,a,0,Walton,446,47,440,28,384,24,451,47,,,,,,,,,,,1,12,,,,,,41.0,,
,,,,,,,,,,,,,,301,0,0,0,0,0.0,0,0,0.0,0.0,0,0,0,0,0,0,0.0,0,0,0.00,0.00,0.00,0.00,0,0,0,0,2026-07-22T14:42:46.530551Z,,,112520,624,0,,,0,Alex,0.0,False,,,,,0.0,Palmer,,a,0,Palmer,400,32,392,13,331,9,404,32,,,,,,,,,,,1,12,,,,,,42.0,,
,,,,,,,,,,,,,,302,0,0,0,0,0.0,0,0,0.0,0.0,0,0,0,0,0,0,0.0,0,0,0.00,0.00,0.00,0.00,0,0,0,0,2026-07-22T14:42:46.531877Z,,,50093,625,0,,,0,David,0.0,False,,,,,0.0,Button,,a,0,Button,393,27,385,8,324,4,397,27,,,,,,,,,,,1,12,,,,,,43.0,,
,,,,,,,,,,,,,,303,0,0,0,0,0.0,0,0,0.0,0.0,0,0,0,0,0,0,0.0,0,0,0.00,0.00,0.00,0.00,0,0,0,0,2026-07-22T14:42:46.532787Z,,,183015,626,0,,,0,Cédric,0.0,False,,,,,0.0,Kipré,,a,0,Kipré,388,142,380,140,319,120,392,141,,,,,,,,,,,2,12,,,,,,176.0,,
,,,,,,,,,,,,,,304,0,0,12,0,60.5,10,0,18.0,101.4,360,0,0,0,0,0,19.0,0,4,0.07,0.26,0.33,6.74,32,13,7,39,2026-07-22T14:42:46.533517Z,,,216616,627,0,,,1,Dara,2.0,False,,,,,2.0,O'Shea,,a,8,O'Shea,42,16,66,12,157,47,70,15,,,,,,,,,,,2,12,,,,,,64.0,,
,,,,,,,,,,,,,,305,2,1,50,0,55.6,10,2,29.9,134.4,360,0,0,0,0,0,108.0,0,4,1.17,0.44,1.61,6.74,17,8,2,19,2026-07-22T14:42:46.534249Z,,,455084,628,0,,,14,Leif,5.8,False,,,,,5.8,Davis,,a,23,Davis,11,1,78,17,18,1,17,1,,,,,,,,,,,2,12,,,,,,13.0,,
,,,,,,,,,,,,,,306,0,0,12,0,16.9,10,0,9.0,68.6,357,1,0,0,0,0,4.0,1,4,0.00,0.06,0.06,6.74,25,12,5,30,2026-07-22T14:42:46.535376Z,,,449429,629,0,,,1,Jacob,0.8,False,,,,,0.8,Greaves,,a,3,Greaves,103,47,207,67,278,100,190,72,,,,,,,,,,,2,12,,,,,,106.0,,
,,,,,,,,,,,,,,307,0,0,0,0,0.0,0,0,0.0,0.0,0,0,0,0,0,0,0.0,0,0,0.00,0.00,0.00,0.00,0,0,0,0,2026-07-22T14:42:46.536315Z,0.0,0.0,222018,630,0,,,0,Ben,0.0,False,Has joined Stoke City on loan for the rest of the season,2026-09-04T12:36:56.236331Z,,,0.0,Johnson,,u,0,Johnson,410,150,404,150,344,131,415,150,,,,,,,,,,,2,12,,,,,,177.0,,
,,,,,,,,,,,,,,308,0,0,-1,0,0.5,1,0,0.6,5.0,17,0,0,0,0,0,0.0,0,0,0.00,0.00,0.00,0.86,2,0,1,3,2026-07-22T14:42:46.537628Z,,,176420,631,0,,,0,Darnell,0.2,False,,,,,1.0,Furlong,,a,1,Furlong,335,128,353,134,339,127,365,132,,,,,,,,,,,2,12,,,,,,132.0,,
,,,,,,,,,,,,,,309,0,0,32,0,19.4,4,0,5.0,24.6,140,0,0,0,0,0,6.0,0,2,0.03,0.05,0.08,3.48,8,10,3,21,2026-07-22T14:42:46.538603Z,,,501390,381,0,,,0,Marcelino,1.5,False,,,,,3.0,Núñez,,a,6,Núñez,240,100,196,109,257,127,261,114,,,,,,,,,,,3,12,,,,,,104.0,,
,,,,,,,,,,,,,,310,0,0,0,0,0.0,0,0,0.0,0.0,0,0,0,0,0,0,0.0,0,0,0.00,0.00,0.00,0.00,0,0,0,0,2026-07-22T14:42:46.539623Z,100.0,100.0,241117,382,0,,,0,Azor,0.0,False,,2026-07-29T18:00:10.305484Z,,,0.0,Matusiwa,,a,0,Matusiwa,544,221,542,226,505,200,548,222,,,,,,,,,,,3,12,,,,,,235.0,,
,,,,,,,,,,,,,,311,0,0,0,0,0.0,0,0,0.0,0.0,0,0,0,0,0,0,0.0,0,0,0.00,0.00,0.00,0.00,0,0,0,0,2026-07-22T14:42:46.540485Z,0.0,0.0,149929,383,0,,,0,Wes,0.0,False,Has joined Leicester City permanently,2026-08-10T14:02:47.597478Z,,,0.0,Burns,,u,0,Burns,566,237,568,242,538,222,571,239,,,,,,,,,,,3,12,,,,,,236.0,,
,,,,,,,,,,,,,,312,0,0,0,0,0.0,0,0,0.0,0.0,0,0,0,0,0,0,0.0,0,0,0.00,0.00,0.00,0.00,0,0,0,0,2026-07-22T14:42:46.541425Z,0.0,0.0,231899,544,0,,,0,Jack,0.0,False,Knee injury - Unknown return date,2026-07-29T18:00:10.319370Z,,,0.0,Taylor,,i,0,Taylor,469,186,466,193,416,165,474,188,,,,,,,,,,,3,12,,,,,,237.0,,
,,,,,,,,,,,,,,313,0,1,38,0,25.3,1,1,11.0,42.0,105,0,0,0,0,0,43.0,1,1,0.30,0.04,0.34,0.29,1,3,2,6,2026-07-22T14:42:46.542487Z,,,443261,224,0,,,1,Jack,2.2,False,,,,,3.0,Clarke,,a,9,Clarke,175,67,173,100,92,51,158,77,,,,,,,,,,,3,12,,,,,,71.0,,
,,,,,,,,,,,,,,314,0,0,0,0,0.0,0,0,0.0,0.0,0,0,0,0,0,0,0.0,0,0,0.00,0.00,0.00,0.00,0,0,0,0,2026-07-22T14:42:46.543566Z,0.0,0.0,229164,384,0,,,0,Chiedozie,0.0,False,Has joined Lincoln City on loan until January,2026-09-02T16:04:17.497385Z,,,0.0,Ogbene,,u,0,Ogbene,542,219,540,224,503,198,546,220,,,,,,,,,,,3,12,,,,,,238.0,,
,,,,,,,,,,,,,,315,1,0,67,0,114.9,9,0,19.7,61.6,286,0,0,0,0,0,20.0,2,4,0.03,0.83,0.86,6.11,6,9,9,24,2026-07-22T14:42:46.544491Z,,,531442,225,0,,,1,Abdul,2.2,False,,,,,2.2,Fatawu,,a,9,Fatawu,118,37,18,17,156,82,53,38,,,,,,,,,,,3,12,,,,,,72.0,,
2026-08-18T18:52:55.765949Z,316,252262.0,Forrest FC,2766467.0,122.0,51073.0,48023.0,2.0,Sam,Forrest,13.0,,False,316,1,6,101,0,49.8,5,2,22.9,96.4,237,0,0,0,0,0,83.0,0,4,1.48,0.11,1.59,2.22,3,4,2,9,2026-07-22T14:42:46.545276Z,100.0,100.0,543968,226,0,,,12,Emersonn,6.0,False,,2026-08-31T09:30:08.306145Z,,,6.0,Correia da Silva,,a,24,Emersonn,50,4,95,8,34,13,36,7,,,,,,,,,,,4,12,4.0,110.0,26.0,22.0,1.0,4.0,22.0,1.0
,,,,,,,,,,,,,,317,0,0,0,0,0.0,0,0,0.0,0.0,0,0,0,0,0,0,0.0,0,0,0.00,0.00,0.00,0.00,0,0,0,0,2026-07-22T14:42:46.546291Z,0.0,0.0,222625,385,0,,,0,George,0.0,False,Has joined Stoke City permanently,2026-08-21T13:06:08.606019Z,,,0.0,Hirst,,u,0,Hirst,573,57,577,62,548,56,578,60,,,,,,,,,,,4,12,,,,,,67.0,,
,,,,,,,,,,,,,,318,0,0,6,0,0.8,1,0,1.3,3.4,28,0,0,0,0,0,9.0,0,0,0.02,0.00,0.01,0.41,0,3,0,3,2026-07-22T14:42:46.547342Z,100.0,100.0,481624,230,0,,,1,Jaden,0.2,False,,2026-08-25T11:30:07.532993Z,,,1.0,Philogene,,a,1,Philogene,353,162,344,171,233,116,343,158,,,,,,,,,,,3,12,,,,,,176.0,,
,,,,,,,,,,,,,,319,0,0,0,0,0.0,0,0,0.0,0.0,0,0,0,0,0,0,0.0,0,0,0.00,0.00,0.00,0.00,0,0,0,0,2026-07-22T14:42:46.548166Z,0.0,0.0,172453,386,0,,,0,Sam,0.0,False,Has joined Derby County on loan for the rest of the season,2026-08-17T13:51:41.713979Z,,,0.0,Szmodics,,u,0,Szmodics,568,239,570,244,541,225,573,241,,,,,,,,,,,3,12,,,,,,239.0,,
,,,,,,,,,,,,,,320,0,0,33,0,1.7,4,1,5.5,34.6,69,0,0,0,0,0,19.0,0,0,0.97,0.00,0.97,4.04,0,2,1,3,2026-07-22T14:42:46.549054Z,,,147675,387,0,,,0,Chuba,1.5,False,,,,,3.0,Akpom,,a,6,Akpom,208,17,322,41,159,29,247,26,,,,,,,,,,,4,12,,,,,,20.0,,
,,,,,,,,,,,,,,321,0,0,3,0,0.1,0,0,0.0,0.0,10,0,0,0,0,0,0.0,0,0,0.00,0.00,0.00,0.03,0,0,0,0,2026-07-22T14:42:46.549823Z,,,557012,545,0,,,0,Sindre,0.2,False,,,,,1.0,Walle Egeli,,a,1,Walle Egeli,499,49,375,48,455,48,504,52,,,,,,,,,,,4,12,,,,,,45.0,,
,,,,,,,,,,,,,,322,0,0,0,0,0.0,0,0,0.0,0.0,0,0,0,0,0,0,0.0,0,0,0.00,0.00,0.00,0.00,0,0,0,0,2026-07-22T14:42:46.550497Z,0.0,0.0,462387,388,0,,,0,Ali,0.0,False,Has joined Sheffield Wednesday on loan for the rest of the season,2026-08-27T14:54:10.215357Z,,,0.0,Al-Hamadi,,u,0,Al-Hamadi,580,59,586,64,558,58,585,62,,,,,,,,,,,4,12,,,,,,68.0,,
,,,,,,,,,,,,,,323,0,0,12,0,1.8,0,0,1.4,4.6,42,0,0,0,0,0,7.0,0,0,0.05,0.00,0.05,0.21,0,4,1,5,2026-07-22T14:42:46.551277Z,,,461587,546,0,,,0,Kasey,0.8,False,,,,,1.0,McAteer,,a,3,McAteer,339,155,317,160,244,121,338,155,,,,,,,,,,,3,12,,,,,,136.0,,
,,,,,,,,,,,,,,324,0,0,0,0,0.0,0,0,0.0,0.0,0,0,0,0,0,0,0.0,0,0,0.00,0.00,0.00,0.00,0,0,0,0,2026-07-22T14:42:46.552131Z,,,232457,389,0,,,0,Anis,0.0,False,,,,,0.0,Mehmeti,,a,0,Mehmeti,543,220,541,225,504,199,547,221,,,,,,,,,,,3,12,,,,,,240.0,,
,,,,,,,,,,,,,,325,0,0,0,0,0.0,0,0,0.0,0.0,0,0,0,0,0,0,0.0,0,0,0.00,0.00,0.00,0.00,0,0,0,0,2026-07-22T14:42:46.552970Z,100.0,100.0,59735,459,0,,,0,Karl,0.0,False,,2026-07-23T12:01:23.549136Z,,,0.0,Darlow,,a,0,Darlow,454,49,448,30,396,26,459,49,,,,,,,,,,,1,16,,,,,,44.0,,
,,,,,,,,,,,,,,326,0,0,0,0,0.0,0,0,0.0,0.0,0,0,0,0,0,0,0.0,0,0,0.00,0.00,0.00,0.00,0,0,0,0,2026-07-22T14:42:46.554135Z,0.0,0.0,201595,472,0,,,0,Lucas Estella,0.0,False,Has joined Torino on loan for the rest of the season,2026-09-01T13:12:39.210133Z,,,0.0,Perri,,u,0,Perri,463,56,460,40,409,36,468,56,,,,,,,,,,,1,13,,,,,,45.0,,
,,,,,,,,,,,,,,327,0,2,29,1,0.6,2,0,5.4,38.2,164,0,0,0,0,0,15.0,0,2,0.11,0.00,0.11,3.16,18,7,3,21,2026-07-22T14:42:46.555182Z,,,434752,266,0,,,0,Jaka,3.0,False,,,,,4.0,Bijol,,a,12,Bijol,189,80,351,133,187,62,251,93,,,,,,,,,,,2,13,,,,,,42.0,,
,,,,,,,,,,,,,,328,0,0,7,0,0.9,0,0,1.2,11.4,13,0,0,0,0,0,0.0,0,0,0.00,0.01,0.01,0.22,4,0,0,4,2026-07-22T14:42:46.556351Z,100.0,100.0,222694,263,0,,,1,Pascal,0.5,False,,2026-08-15T20:30:07.523574Z,,,1.0,Struijk,,a,2,Struijk,289,117,339,127,502,197,346,126,,,,,,,,,,,2,5,,,,,,118.0,,
,,,,,,,,,,,,,,329,0,0,25,1,14.7,0,0,4.5,23.0,123,0,0,0,0,0,7.0,0,2,0.03,0.06,0.09,1.01,10,2,1,11,2026-07-22T14:42:46.557291Z,0.0,0.0,214225,444,0,,,0,Joe,1.8,False,Hamstring injury - Expected back 21 Nov,2026-08-30T16:00:08.564382Z,,,3.5,Rodon,,i,7,Rodon,245,101,215,72,243,86,269,102,,,,,,,,,,,2,13,,,,,,76.0,,
,,,,,,,,,,,,,,330,0,6,108,3,32.6,1,2,24.9,108.8,299,0,0,0,0,0,108.0,1,4,1.31,0.08,1.39,2.23,10,9,5,15,2026-07-22T14:42:46.558216Z,,,226182,449,0,,,15,Jayden,9.2,True,,,,,9.2,Bogle,,a,37,Bogle,31,12,150,45,19,2,28,3,,,,,,,,,,,2,13,,,,,,1.0,,
,,,,,,,,,,,,,,331,0,0,35,1,9.8,1,0,3.9,22.6,162,0,0,0,0,0,6.0,0,2,0.00,0.18,0.18,2.77,3,11,6,9,2026-07-22T14:42:46.559226Z,100.0,100.0,243526,460,0,,,6,Gabriel,2.0,False,,2026-08-08T20:00:07.546568Z,,,4.0,Gudmundsson,,a,8,Gudmundsson,247,102,251,86,253,90,280,106,,,,,,,,,,,2,13,,,,,,65.0,,
2026-08-18T18:56:41.387054Z,332,252349.0,Blaine,2766480.0,135.0,51073.0,48023.0,5.0,Blaine,Guiney,14.0,,False,332,0,2,60,1,41.2,3,0,16.1,84.4,360,0,0,0,0,0,36.0,0,4,0.17,0.30,0.47,5.40,22,12,13,35,2026-07-22T14:42:46.560155Z,,,220627,452,0,,,2,James,4.5,False,,,,,4.5,Justin,,a,18,Justin,70,32,124,35,111,29,87,23,,,,,,,,,,,2,13,11.0,122.0,46.0,35.0,1.0,22.0,24.0,1.0
,,,,,,,,,,,,,,333,0,0,0,0,0.0,0,0,0.0,0.0,0,0,0,0,0,0,0.0,0,0,0.00,0.00,0.00,0.00,0,0,0,0,2026-07-22T14:42:46.561606Z,0.0,0.0,437738,483,0,,,0,Sebastiaan,0.0,False,Has joined Hamburg SV on loan for the rest of the season,2026-08-19T13:56:14.645970Z,,,0.0,Bornauw,,u,0,Bornauw,475,187,473,187,425,178,480,187,,,,,,,,,,,2,13,,,,,,178.0,,
,,,,,,,,,,,,,,334,1,0,79,1,12.7,3,0,16.9,133.4,360,0,0,0,0,0,23.0,0,4,0.09,0.04,0.13,5.40,46,11,4,50,2026-07-22T14:42:46.562909Z,,,522047,390,0,,,7,Tarik,5.2,False,,,,,5.2,Muharemović,,a,21,Muharemović,12,2,231,81,142,44,76,20,,,,,,,,,,,2,13,,,,,,17.0,,
2026-08-18T18:37:56.976825Z,335,252263.0,Jack Austin,2766438.0,93.0,51073.0,48023.0,3.0,Jack,Austin,10.0,,False,335,0,3,73,2,76.2,2,1,22.7,99.8,357,0,0,0,0,0,51.0,0,4,0.92,0.23,1.15,5.11,21,16,11,48,2026-07-22T14:42:46.564418Z,,,466525,72,0,,,3,Anton,5.5,False,,,,,5.5,Stach,,a,22,Stach,46,20,49,40,75,44,37,26,,,,,,,,,,,3,13,13.0,84.0,38.0,25.0,6.0,17.0,21.0,4.0
,,,,,,,,,,,,,,336,0,1,65,2,39.9,1,1,13.6,59.2,224,0,0,0,0,0,37.0,0,3,0.15,0.26,0.41,1.69,3,5,5,13,2026-07-22T14:42:46.565648Z,,,435997,82,0,,,9,Noah,3.8,False,,,,,3.8,Okafor,,a,15,Okafor,125,40,130,82,110,60,120,61,,,,,,,,,,,3,13,,,,,,37.0,,
2026-08-18T18:59:48.919919Z,337,252262.0,Forrest FC,2766487.0,142.0,51073.0,48023.0,2.0,Sam,Forrest,15.0,,False,337,0,0,31,1,3.0,3,0,2.3,10.4,172,0,0,0,0,0,9.0,0,2,0.01,0.02,0.03,3.38,1,8,2,11,2026-07-22T14:42:46.566736Z,,,427637,133,0,,,1,Brenden,1.5,False,,,,,1.5,Aaronson,,a,6,Aaronson,296,126,297,152,232,115,316,144,,,,,,,,,,,3,13,37.0,128.0,50.0,13.0,9.0,105.0,-55.0,34.0
,,,,,,,,,,,,,,338,1,0,68,1,42.9,3,0,11.8,69.8,360,0,0,0,0,0,5.0,0,4,0.08,0.16,0.24,5.40,19,18,9,46,2026-07-22T14:42:46.567605Z,,,199598,130,0,,,7,Ethan,4.0,False,,,,,4.0,Ampadu,,a,16,Ampadu,97,31,118,74,271,136,147,71,,,,,,,,,,,3,13,,,,,,33.0,,
,,,,,,,,,,,,,,339,0,0,7,0,0.2,1,0,0.0,0.0,10,0,0,0,0,0,0.0,0,0,0.00,0.00,0.00,0.35,0,0,0,0,2026-07-22T14:42:46.568433Z,,,180135,303,0,,,1,Sean,0.5,False,,,,,1.0,Longstaff,,a,2,Longstaff,537,215,371,183,497,195,542,217,,,,,,,,,,,3,13,,,,,,149.0,,
,,,,,,,,,,,,,,340,0,0,0,0,0.0,0,0,0.0,0.0,0,0,0,0,0,0,0.0,0,0,0.00,0.00,0.00,0.00,0,0,0,0,2026-07-22T14:42:46.569217Z,100.0,100.0,462635,391,0,,,0,Joe,0.0,False,,2026-08-17T21:30:07.799839Z,,,0.0,Gelhardt,,a,0,Gelhardt,581,244,587,249,559,231,586,246,,,,,,,,,,,3,11,,,,,,241.0,,
,,,,,,,,,,,,,,341,0,0,0,0,0.0,0,0,0.0,0.0,0,0,0,0,0,0,0.0,0,0,0.00,0.00,0.00,0.00,0,0,0,0,2026-07-22T14:42:46.569887Z,0.0,0.0,492859,326,0,,,0,Wilfried,0.0,False,Has joined ACF Fiorentina on loan for the rest of the season,2026-09-02T16:04:47.189648Z,,,0.0,Gnonto,,u,0,Gnonto,590,250,597,255,571,239,595,252,,,,,,,,,,,3,13,,,,,,242.0,,
,,,,,,,,,,,,,,342,0,0,0,0,0.0,0,0,0.0,0.0,0,0,0,0,0,0,0.0,0,0,0.00,0.00,0.00,0.00,0,0,0,0,2026-07-22T14:42:46.570535Z,0.0,0.0,221399,340,0,,,0,Jack,0.0,False,Has joined New England Revolution permanently,2026-07-28T12:59:09.492431Z,,,0.0,Harrison,,u,0,Harrison,571,241,575,246,546,227,576,243,,,,,,,,,,,3,13,,,,,,243.0,,
,,,,,,,,,,,,,,343,0,0,6,0,1.1,1,0,1.4,0.0,29,0,0,0,0,0,15.0,0,0,0.35,0.01,0.36,1.21,0,4,0,4,2026-07-22T14:42:46.571212Z,,,200617,328,0,,,1,Daniel,0.5,False,,,,,1.0,James,,a,2,James,539,217,333,167,182,91,339,156,,,,,,,,,,,3,13,,,,,,150.0,,
,,,,,,,,,,,,,,344,0,0,0,0,0.0,0,0,0.0,0.0,0,0,0,0,0,0,0.0,0,0,0.00,0.00,0.00,0.00,0,0,0,0,2026-07-22T14:42:46.572143Z,25.0,25.0,486520,304,0,,,0,Ilia,0.0,False,Knee injury - 25% chance of playing,2026-08-14T23:00:06.272027Z,,,0.0,Gruev,,d,0,Gruev,584,246,591,251,564,234,589,248,,,,,,,,,,,3,13,,,,,,244.0,,
,,,,,,,,,,,,,,345,2,0,48,1,17.1,1,0,8.2,50.0,188,0,0,0,0,0,15.0,0,2,0.59,0.05,0.64,2.58,9,8,7,24,2026-07-22T14:42:46.573020Z,,,248056,293,0,,,6,Tanaka,3.0,False,,,,,4.0,Ao,,a,12,Tanaka,159,60,205,115,184,93,203,95,,,,,,,,,,,3,13,,,,,,50.0,,
2026-08-18T18:10:07.240977Z,346,252266.0,seans team,2766372.0,27.0,51073.0,48023.0,7.0,sean,kelly,3.0,,False,346,1,4,66,2,28.3,2,2,25.1,93.8,329,0,0,0,0,0,134.0,3,4,2.48,0.08,2.56,3.79,5,9,0,14,2026-07-22T14:42:46.573948Z,,,177815,69,0,,,10,Dominic,5.0,False,,,,,5.0,Calvert-Lewin,,a,20,Calvert-Lewin,57,5,164,16,7,5,27,6,,,,,,,,,,,4,13,5.0,25.0,9.0,4.0,10.0,5.0,4.0,9.0
2026-08-18T18:54:45.158859Z,347,252259.0,Brumtown bandits,2766470.0,125.0,51073.0,48023.0,5.0,louis,Doherty,13.0,,False,347,1,0,24,0,22.4,1,0,5.5,18.4,50,0,0,0,0,0,15.0,0,0,0.27,0.15,0.42,2.53,0,2,0,2,2026-07-22T14:42:46.574854Z,,,174594,168,0,,,1,Lukas,1.5,False,,,,,2.0,Nmecha,,a,6,Nmecha,266,24,183,20,190,31,248,27,,,,,,,,,,,4,13,16.0,113.0,27.0,11.0,5.0,21.0,6.0,7.0
,,,,,,,,,,,,,,348,0,0,0,0,0.0,0,0,0.0,0.0,0,0,0,0,0,0,0.0,0,0,0.00,0.00,0.00,0.00,0,0,0,0,2026-07-22T14:42:46.575672Z,0.0,0.0,235826,332,0,,,0,Joël,0.0,False,Has joined West Ham United on loan for the rest of the season,2026-08-19T13:56:14.666726Z,,,0.0,Piroe,,u,0,Piroe,576,58,580,63,551,57,581,61,,,,,,,,,,,4,13,,,,,,69.0,,
,,,,,,,,,,,,,,349,0,0,0,0,0.0,0,0,0.0,0.0,0,0,0,0,0,0,0.0,0,0,0.00,0.00,0.00,0.00,0,0,0,0,2026-07-22T14:42:46.576509Z,0.0,0.0,565297,547,0,,,0,Mateo,0.0,False,Knee injury - Unknown return date,2026-07-29T18:00:10.338170Z,,,0.0,Joseph Fernández-Regatillo,,i,0,Mateo Joseph,500,50,499,55,456,49,505,53,,,,,,,,,,,4,13,,,,,,70.0,,
2026-08-18T18:16:05.946994Z,350,252265.0,AL XI,2766388.0,43.0,51073.0,48023.0,3.0,Aaron,Long,5.0,,False,350,0,3,66,2,0.0,4,0,7.7,76.8,360,0,0,0,0,12,0.0,1,4,0.00,0.00,0.00,5.33,6,38,0,0,2026-07-22T14:42:46.577296Z,,,116535,152,0,,,9,Alisson,4.8,False,,,,,4.8,Becker,,a,19,A.Becker,80,16,631,70,617,69,208,16,,,,,,,,,,,1,14,2.0,39.0,3.0,1.0,6.0,3.0,0.0,6.0
,,,,,,,,,,,,,,351,0,0,0,0,0.0,0,0,0.0,0.0,0,0,0,0,0,0,0.0,0,0,0.00,0.00,0.00,0.00,0,0,0,0,2026-07-22T14:42:46.578023Z,,,449027,323,0,,,0,Giorgi,0.0,False,,,,,0.0,Mamardashvili,,a,0,Mamardashvili,549,68,548,57,511,55,554,68,,,,,,,,,,,1,14,,,,,,46.0,,
,,,,,,,,,,,,,,352,0,0,0,0,0.0,0,0,0.0,0.0,0,0,0,0,0,0,0.0,0,0,0.00,0.00,0.00,0.00,0,0,0,0,2026-07-22T14:42:46.578993Z,,,155503,584,0,,,0,Freddie,0.0,False,,,,,0.0,Woodman,,a,0,Woodman,403,34,395,15,334,11,407,34,,,,,,,,,,,1,14,,,,,,47.0,,
,,,,,,,,,,,,,,353,0,0,0,0,0.0,0,0,0.0,0.0,0,0,0,0,0,0,0.0,0,0,0.00,0.00,0.00,0.00,0,0,0,0,2026-07-22T14:42:46.579965Z,0.0,0.0,586268,632,0,,,0,Armin,0.0,False,Has joined TSV Hartberg on loan for the rest of the season,2026-08-18T14:11:18.638344Z,,,0.0,Pecsi,,u,0,Pecsi,439,46,433,27,375,23,444,46,,,,,,,,,,,1,14,,,,,,48.0,,
,,,,,,,,,,,,,,354,0,0,0,0,0.0,0,0,0.0,0.0,0,0,0,0,0,0,0.0,0,0,0.00,0.00,0.00,0.00,0,0,0,0,2026-07-22T14:42:46.580857Z,0.0,0.0,432987,633,0,,,0,Vitezslav,0.0,False,Knee injury - Unknown return date,2026-07-29T18:00:10.351066Z,,,0.0,Jaros,,i,0,Jaros,412,39,406,20,346,16,417,39,,,,,,,,,,,1,14,,,,,,49.0,,
,,,,,,,,,,,,,,355,0,0,0,0,0.0,0,0,0.0,0.0,0,0,0,0,0,0,0.0,0,0,0.00,0.00,0.00,0.00,0,0,0,0,2026-07-22T14:42:46.581775Z,,,464353,634,0,,,0,Harvey,0.0,False,,,,,0.0,Davies,,a,0,Davies,417,42,411,23,351,19,422,42,,,,,,,,,,,1,14,,,,,,50.0,,
2026-08-18T18:09:56.548249Z,356,252349.0,Blaine,2766371.0,26.0,51073.0,48023.0,6.0,Blaine,Guiney,3.0,,False,356,0,0,70,2,20.5,4,0,14.6,99.2,360,0,0,0,0,0,26.0,1,4,0.25,0.07,0.32,5.33,30,16,5,35,2026-07-22T14:42:46.582576Z,,,97032,33,0,,,8,Virgil,4.2,False,,,,,4.2,van Dijk,,a,17,Virgil,47,18,192,63,132,40,107,37,,,,,,,,,,,2,14,15.0,24.0,4.0,-11.0,37.0,27.0,-23.0,29.0
2026-08-18T18:39:00.222777Z,357,252267.0,Jeeves,2766442.0,97.0,51073.0,48023.0,7.0,James,Reeves,10.0,,False,357,0,0,24,0,76.5,4,0,13.2,39.4,178,0,0,0,0,0,16.0,1,2,0.01,0.23,0.24,3.91,8,7,4,12,2026-07-22T14:42:46.583385Z,,,216094,175,0,,,1,Jeremie,0.5,False,,,,,0.7,Frimpong,,a,2,Frimpong,188,79,47,7,173,54,127,46,,,,,,,,,,,2,14,46.0,88.0,27.0,-19.0,42.0,119.0,-92.0,43.0
2026-08-18T18:21:07.023920Z,358,252266.0,seans team,2766399.0,54.0,51073.0,48023.0,4.0,sean,kelly,6.0,,False,358,0,0,41,1,45.0,4,0,12.3,65.6,295,0,0,0,0,0,12.0,2,3,0.02,0.07,0.09,4.86,16,8,7,23,2026-07-22T14:42:46.584212Z,,,544877,157,0,,,1,Milos,1.8,False,,,,,1.8,Kerkez,,a,7,Kerkez,107,49,106,27,207,70,139,51,,,,,,,,,,,2,14,35.0,49.0,14.0,-21.0,43.0,77.0,-63.0,39.0
,,,,,,,,,,,,,,359,0,0,0,0,0.0,0,0,0.0,0.0,0,0,0,0,0,0,0.0,0,0,0.00,0.00,0.00,0.00,0,0,0,0,2026-07-22T14:42:46.585518Z,75.0,0.0,171287,325,0,,,0,Joe,0.0,False,Muscular injury - 75% chance of playing,2026-07-26T08:30:10.078473Z,,,0.0,Gomez,,d,0,Gomez,536,200,536,200,496,195,541,200,,,,,,,,,,,2,14,,,,,,179.0,,
,,,,,,,,,,,,,,360,0,0,0,0,0.0,0,0,0.0,0.0,0,0,0,0,0,0,0.0,0,0,0.00,0.00,0.00,0.00,0,0,0,0,2026-07-22T14:42:46.586369Z,0.0,0.0,492777,314,0,,,0,Conor,0.0,False,Knee injury - Unknown return date,2026-07-23T12:01:23.565711Z,,,0.0,Bradley,,i,0,Bradley,589,210,596,210,570,207,594,210,,,,,,,,,,,2,14,,,,,,180.0,,
,,,,,,,,,,,,,,361,0,0,0,0,0.0,0,0,0.0,0.0,0,0,0,0,0,0,0.0,0,0,0.00,0.00,0.00,0.00,0,0,0,0,2026-07-22T14:42:46.587290Z,,,519440,635,0,,,0,Wellity,0.0,False,,,,,0.0,Lucky,,a,0,Lucky,426,158,420,158,360,139,431,158,,,,,,,,,,,2,14,,,,,,181.0,,
2026-08-18T18:56:04.120581Z,362,252264.0,Jack Busst,2766477.0,132.0,51073.0,48023.0,2.0,Jack,Busst,14.0,,False,362,0,3,86,2,42.8,4,0,13.3,86.2,325,0,0,0,0,0,4.0,1,4,0.00,0.12,0.12,4.72,20,15,8,28,2026-07-22T14:42:46.588161Z,100.0,100.0,606702,392,0,,,9,Jeremy,4.5,False,,2026-07-23T12:01:23.581126Z,,,4.5,Jacquet,,a,18,Jacquet,65,28,119,33,287,107,125,45,,,,,,,,,,,2,14,12.0,119.0,44.0,32.0,2.0,23.0,21.0,3.0
,,,,,,,,,,,,,,363,0,0,0,0,0.0,0,0,0.0,0.0,0,0,0,0,0,0,0.0,0,0,0.00,0.00,0.00,0.00,0,0,0,0,2026-07-22T14:42:46.588968Z,0.0,0.0,647681,636,0,,,0,Giovanni,0.0,False,Knee injury - Unknown return date,2026-07-23T12:01:23.596909Z,,,0.0,Leoni,,i,0,Leoni,444,175,438,175,381,159,449,175,,,,,,,,,,,2,14,,,,,,182.0,,
,,,,,,,,,,,,,,364,0,0,6,0,2.9,0,0,1.8,6.4,64,0,0,0,0,0,9.0,0,1,0.04,0.02,0.06,0.47,2,3,1,3,2026-07-22T14:42:46.589793Z,,,214285,393,0,,,1,Kostas,0.5,False,,,,,1.0,Tsimikas,,a,2,Tsimikas,326,125,299,107,229,81,328,118,,,,,,,,,,,2,14,,,,,,120.0,,
,,,,,,,,,,,,,,365,0,0,0,0,0.0,0,0,0.0,0.0,0,0,0,0,0,0,0.0,0,0,0.00,0.00,0.00,0.00,0,0,0,0,2026-07-22T14:42:46.590508Z,0.0,0.0,489580,637,0,,,0,Calvin,0.0,False,Has joined St Mirren on loan for the rest of the season,2026-08-26T14:05:26.748768Z,,,0.0,Ramsay,,u,0,Ramsay,421,155,415,155,355,136,426,155,,,,,,,,,,,2,14,,,,,,183.0,,
2026-08-18T18:06:00.651536Z,366,252266.0,seans team,2766359.0,14.0,51073.0,48023.0,4.0,sean,kelly,2.0,,False,366,1,0,67,2,108.0,4,0,24.5,51.8,332,0,0,0,0,0,85.0,1,4,0.78,0.35,1.13,4.16,2,21,5,28,2026-07-22T14:42:46.591464Z,,,494595,19,0,,,3,Florian,3.0,False,,,,,3.0,Wirtz,,a,12,Wirtz,149,54,23,21,32,18,30,21,,,,,,,,,,,3,14,27.0,13.0,8.0,-19.0,44.0,51.0,-43.0,30.0
2026-08-18T18:16:18.139498Z,367,252267.0,Jeeves,2766389.0,44.0,51073.0,48023.0,4.0,James,Reeves,5.0,,False,367,3,5,100,1,105.8,4,1,28.6,117.6,280,0,0,0,0,0,63.0,0,3,0.44,1.22,1.66,4.72,7,14,6,27,2026-07-22T14:42:46.592278Z,100.0,75.0,243298,27,0,,,1,Cody,7.2,False,,2026-09-09T18:30:08.772955Z,,,7.2,Gakpo,,a,29,Gakpo,19,12,25,23,55,35,22,15,,,,,,,,,,,3,14,4.0,40.0,15.0,11.0,12.0,5.0,10.0,7.0
2026-08-18T18:08:08.587422Z,368,252260.0,selgar fc,2766365.0,20.0,51073.0,48023.0,10.0,Sam,Elgar,2.0,,False,368,0,1,98,2,173.4,4,1,33.6,107.2,360,0,0,0,0,0,55.0,0,4,1.29,0.80,2.09,5.33,11,20,4,35,2026-07-22T14:42:46.593146Z,,,424876,24,0,,,3,Dominik,4.5,False,,,,,4.5,Szoboszlai,,a,18,Szoboszlai,36,15,3,3,66,42,12,10,,,,,,,,,,,3,14,16.0,19.0,11.5,-4.5,31.0,26.0,-14.5,22.0
2026-08-18T18:47:54.749208Z,369,252263.0,Jack Austin,2766458.0,113.0,51073.0,48023.0,3.0,Jack,Austin,12.0,,False,369,0,0,13,0,8.1,2,0,2.1,4.4,99,0,0,0,0,0,11.0,0,1,0.15,0.05,0.20,0.68,1,2,1,4,2026-07-22T14:42:46.594332Z,,,611922,104,0,,,1,Rio,1.0,False,,,,,1.3,Ngumoha,,a,4,Ngumoha,343,156,255,132,218,110,322,147,,,,,,,,,,,3,14,41.0,102.0,47.0,6.0,17.0,121.0,-74.0,36.0
,,,,,,,,,,,,,,370,0,0,0,0,0.0,0,0,0.0,0.0,0,0,0,0,0,0,0.0,0,0,0.00,0.00,0.00,0.00,0,0,0,0,2026-07-22T14:42:46.595314Z,0.0,0.0,223541,192,0,,,0,Federico,0.0,False,Back injury - Unknown return date,2026-08-27T13:30:07.598926Z,,,0.0,Chiesa,,i,0,Chiesa,618,267,622,270,605,261,623,269,,,,,,,,,,,3,14,,,,,,245.0,,
2026-08-18T18:45:24.565406Z,371,252349.0,Blaine,2766451.0,106.0,51073.0,48023.0,6.0,Blaine,Guiney,11.0,,False,371,1,0,48,0,41.2,2,0,9.8,50.6,181,0,0,0,0,0,6.0,0,2,0.10,0.07,0.17,1.88,10,10,4,24,2026-07-22T14:42:46.596336Z,,,441266,68,0,,,1,Ryan,2.0,False,,,,,2.0,Gravenberch,,a,8,Gravenberch,156,57,125,78,266,133,176,85,,,,,,,,,,,3,14,32.0,96.0,45.0,13.0,10.0,84.0,-39.0,29.0
,,,,,,,,,,,,,,372,0,0,40,1,44.3,2,0,11.0,44.2,216,0,0,0,0,0,22.0,1,2,0.10,0.44,0.54,4.06,7,12,9,28,2026-07-22T14:42:46.597665Z,,,243016,145,0,,,1,Alexis,1.5,False,,,,,1.5,Mac Allister,,a,6,Mac Allister,170,66,110,70,147,75,157,76,,,,,,,,,,,3,14,,,,,,106.0,,
,,,,,,,,,,,,,,373,0,0,0,0,0.0,0,0,0.0,0.0,0,0,0,0,0,0,0.0,0,0,0.00,0.00,0.00,0.00,0,0,0,0,2026-07-22T14:42:46.598555Z,0.0,0.0,206915,161,0,,,0,Curtis,0.0,False,Has joined Internazionale permanently,2026-08-16T18:30:07.426408Z,,,0.0,Jones,,u,0,C.Jones,630,274,636,276,622,268,634,275,,,,,,,,,,,3,14,,,,,,246.0,,
,,,,,,,,,,,,,,374,0,0,0,0,0.0,0,0,0.0,0.0,0,0,0,0,0,0,0.0,0,0,0.00,0.00,0.00,0.00,0,0,0,0,2026-07-22T14:42:46.599333Z,100.0,100.0,158983,341,0,,,0,Endo,0.0,False,,2026-07-23T12:01:23.612529Z,,,0.0,Wataru,,a,0,Endo,535,214,535,221,495,194,540,216,,,,,,,,,,,3,14,,,,,,247.0,,
,,,,,,,,,,,,,,375,0,0,6,0,2.3,0,0,0.9,6.6,19,0,0,0,0,0,0.0,0,0,0.00,0.00,0.00,0.22,1,2,2,5,2026-07-22T14:42:46.600111Z,,,591386,347,0,,,0,Trey,0.5,False,,,,,1.0,Nyoni,,a,2,Nyoni,322,145,308,156,527,216,351,161,,,,,,,,,,,3,14,,,,,,151.0,,
,,,,,,,,,,,,,,376,0,0,0,0,0.0,0,0,0.0,0.0,0,0,0,0,0,0,0.0,0,0,0.00,0.00,0.00,0.00,0,0,0,0,2026-07-22T14:42:46.600793Z,0.0,0.0,535928,394,0,,,0,Stefan,0.0,False,Has joined Celta Vigo permanently,2026-07-23T12:01:23.628373Z,,,0.0,Bajčetić Maquieira,,u,0,Bajcetic,597,253,604,258,579,243,602,255,,,,,,,,,,,3,14,,,,,,248.0,,
,,,,,,,,,,,,,,377,1,0,53,1,31.4,2,1,16.8,50.4,239,0,0,0,0,0,86.0,1,3,0.52,0.25,0.77,4.49,4,7,2,13,2026-07-22T14:42:46.601609Z,,,551499,54,0,,,1,Victor,3.5,False,,,,,3.5,Munoz,,a,14,Munoz,158,59,155,94,31,17,79,47,,,,,,,,,,,3,14,,,,,,39.0,,
,,,,,,,,,,,,,,378,0,0,0,0,0.0,0,0,0.0,0.0,0,0,0,0,0,0,0.0,0,0,0.00,0.00,0.00,0.00,0,0,0,0,2026-07-22T14:42:46.602391Z,,,491501,548,0,,,0,James,0.0,False,,,,,0.0,McConnell,,a,0,McConnell,450,182,444,189,391,160,455,184,,,,,,,,,,,3,14,,,,,,249.0,,
2026-08-18T18:00:47.619147Z,379,252265.0,AL XI,2766348.0,3.0,51073.0,48023.0,3.0,Aaron,Long,1.0,,False,379,0,5,102,2,34.1,4,3,32.3,113.6,333,0,0,0,0,0,176.0,0,4,2.79,0.06,2.85,5.16,2,3,1,6,2026-07-22T14:42:46.603155Z,,,219168,5,0,,,2,Alexander,6.2,False,,,,,6.2,Isak,,a,25,Isak,22,3,142,13,4,3,14,3,,,,,,,,,,,4,14,3.0,3.0,2.0,-1.0,17.0,3.0,-1.0,11.0
2026-08-18T18:23:40.865195Z,380,252265.0,AL XI,2766403.0,58.0,51073.0,48023.0,8.0,Aaron,Long,6.0,,True,380,0,0,0,0,0.0,0,0,0.0,0.0,0,0,0,0,0,0,0.0,0,0,0.00,0.00,0.00,0.00,0,0,0,0,2026-07-22T14:42:46.603920Z,0.0,0.0,510663,20,0,,,0,Hugo,0.0,False,Achilles injury - Unknown return date,2026-07-23T12:01:23.643771Z,,,0.0,Ekitiké,,i,0,Ekitiké,657,77,657,77,657,77,657,77,,,,,,,,,,,4,14,30.0,53.0,17.0,-13.0,27.0,71.0,-54.0,30.0
,,,,,,,,,,,,,,381,0,0,7,0,0.5,0,0,0.9,1.2,13,0,0,0,0,0,7.0,0,0,0.03,0.00,0.03,0.58,0,1,0,1,2026-07-22T14:42:46.604712Z,,,514514,395,0,,,0,Lewis,0.5,False,,,,,1.0,Koumas,,a,2,Koumas,375,173,355,175,248,125,352,162,,,,,,,,,,,3,14,,,,,,152.0,,
,,,,,,,,,,,,,,382,0,0,0,0,0.0,0,0,0.0,0.0,0,0,0,0,0,0,0.0,0,0,0.00,0.00,0.00,0.00,0,0,0,0,2026-07-22T14:42:46.605391Z,100.0,100.0,500058,549,0,,,0,Jayden,0.0,False,,2026-07-23T12:01:23.659279Z,,,0.0,Danns,,a,0,Danns,482,45,482,51,438,44,487,48,,,,,,,,,,,4,14,,,,,,72.0,,
,,,,,,,,,,,,,,383,0,0,0,0,0.0,0,0,0.0,0.0,0,0,0,0,0,0,0.0,0,0,0.00,0.00,0.00,0.00,0,0,0,0,2026-07-22T14:42:46.606048Z,0.0,0.0,444884,213,0,,,0,Harvey,0.0,False,Has joined Valencia on loan for the rest of the season,2026-09-02T16:05:49.104326Z,,,0.0,Elliott,,u,0,Elliott,619,268,623,271,607,263,624,270,,,,,,,,,,,3,14,,,,,,250.0,,
2026-08-18T18:09:47.956313Z,384,252259.0,Brumtown bandits,2766370.0,25.0,51073.0,48023.0,5.0,louis,Doherty,3.0,,False,384,0,0,75,2,0.0,2,0,8.2,81.0,360,1,0,0,0,10,0.0,0,4,0.00,0.00,0.00,3.68,2,24,0,0,2026-07-22T14:42:46.606766Z,,,204936,129,0,,,7,Gianluigi,4.2,False,,,,,4.2,Donnarumma,,a,17,Donnarumma,75,13,635,71,621,70,205,14,,,,,,,,,,,1,15,6.0,23.0,2.0,-4.0,15.0,7.0,-5.0,11.0
2026-08-18T18:55:00.280531Z,385,252263.0,Jack Austin,2766473.0,128.0,51073.0,48023.0,8.0,Jack,Austin,13.0,,False,385,0,2,83,1,0.0,3,0,12.1,120.8,360,0,0,0,0,15,0.0,0,4,0.00,0.00,0.00,5.40,6,39,0,0,2026-07-22T14:42:46.607510Z,,,432720,337,0,,,3,James,4.5,False,,,,,4.5,Trafford,,a,18,Trafford,17,2,583,65,554,64,142,3,,,,,,,,,,,1,13,3.0,116.0,13.0,10.0,2.0,4.0,9.0,2.0
,,,,,,,,,,,,,,386,0,0,0,0,0.0,0,0,0.0,0.0,0,0,0,0,0,0,0.0,0,0,0.00,0.00,0.00,0.00,0,0,0,0,2026-07-22T14:42:46.608172Z,,,122074,550,0,,,0,Marcus,0.0,False,,,,,0.0,Bettinelli,,a,0,Bettinelli,459,53,456,37,405,33,464,53,,,,,,,,,,,1,15,,,,,,51.0,,
2026-08-18T18:09:14.993422Z,387,252265.0,AL XI,2766368.0,23.0,51073.0,48023.0,3.0,Aaron,Long,3.0,,False,387,0,0,19,0,38.7,2,0,6.7,12.4,158,0,0,0,0,0,16.0,0,2,0.09,0.43,0.52,1.71,1,8,2,3,2026-07-22T14:42:46.608823Z,100.0,100.0,472769,35,0,,,1,Nico,1.2,False,,2026-09-05T18:00:06.379802Z,,,1.7,O'Reilly,,a,5,O'Reilly,283,114,132,37,176,56,228,83,,,,,,,,,,,2,15,39.0,21.0,3.0,-36.0,49.0,89.0,-86.0,42.0
2026-08-18T18:14:25.733643Z,388,252259.0,Brumtown bandits,2766381.0,36.0,51073.0,48023.0,6.0,louis,Doherty,4.0,,False,388,0,4,101,2,43.5,2,1,18.8,113.2,360,0,0,0,0,0,32.0,0,4,0.89,0.38,1.27,3.68,22,17,3,25,2026-07-22T14:42:46.609439Z,,,209036,57,0,,,6,Marc,6.5,False,,,,,6.5,Guéhi,,a,26,Guéhi,23,5,117,32,119,32,64,11,,,,,,,,,,,2,15,5.0,33.0,10.0,5.0,22.0,7.0,3.0,11.0
2026-08-18T18:28:37.311114Z,389,252264.0,Jack Busst,2766417.0,72.0,51073.0,48023.0,2.0,Jack,Busst,8.0,,False,389,0,1,38,1,3.0,0,0,4.2,35.0,123,0,0,0,0,0,4.0,0,1,0.00,0.05,0.05,1.10,10,10,2,12,2026-07-22T14:42:46.610155Z,100.0,100.0,465351,66,0,,,9,Matheus,2.5,False,,2026-08-27T11:30:08.171622Z,,,5.0,Nunes,,a,10,Matheus N.,205,86,298,106,291,110,275,103,,,,,,,,,,,2,15,27.0,65.0,17.0,-10.0,35.0,51.0,-34.0,30.0
2026-08-18T18:38:19.758767Z,390,252349.0,Blaine,2766440.0,95.0,51073.0,48023.0,5.0,Blaine,Guiney,10.0,,False,390,0,0,79,2,47.0,2,0,17.5,89.4,360,0,0,0,0,0,39.0,0,4,0.09,0.74,0.83,3.68,21,16,1,22,2026-07-22T14:42:46.610953Z,,,171314,140,0,,,6,Rúben,4.0,False,,,,,4.0,dos Santos Gato Alves Dias,,a,16,Rúben,62,25,100,25,102,26,72,17,,,,,,,,,,,2,15,17.0,86.0,25.0,8.0,20.0,29.0,-4.0,19.0
2026-08-18T18:12:45.803252Z,391,252258.0,Paddy,2766376.0,31.0,51073.0,48023.0,1.0,Paddy,Farrell,4.0,,False,391,2,6,113,2,52.1,2,1,19.3,110.4,344,0,0,0,0,0,30.0,1,4,0.22,0.11,0.33,3.68,13,15,11,24,2026-07-22T14:42:46.611829Z,,,477424,164,0,,,11,Joško,8.2,True,,,,,8.2,Gvardiol,,a,33,Gvardiol,26,8,89,22,123,34,61,9,,,,,,,,,,,2,15,1.0,28.0,5.0,4.0,23.0,2.0,3.0,12.0
,,,,,,,,,,,,,,392,0,0,0,0,0.0,0,0,0.0,0.0,0,0,0,0,0,0,0.0,0,0,0.00,0.00,0.00,0.00,0,0,0,0,2026-07-22T14:42:46.612525Z,,,448514,177,0,,,0,Rayan,0.0,False,,,,,0.0,Aït-Nouri,,a,0,Aït-Nouri,609,212,615,212,594,209,614,212,,,,,,,,,,,2,15,,,,,,184.0,,
2026-08-18T18:55:29.922442Z,393,252258.0,Paddy,2766476.0,131.0,51073.0,48023.0,1.0,Paddy,Farrell,14.0,,False,393,0,0,53,1,12.6,2,0,6.8,51.6,268,0,0,0,0,0,4.0,1,3,0.00,0.06,0.06,2.68,9,13,8,17,2026-07-22T14:42:46.613266Z,,,578153,172,0,,,0,Abdukodir,2.2,False,,,,,3.0,Khusanov,,a,9,Khusanov,151,68,232,82,290,109,225,82,,,,,,,,,,,2,15,28.0,118.0,42.5,14.5,12.0,57.0,-14.5,24.0
,,,,,,,,,,,,,,394,0,0,0,0,0.0,0,0,0.0,0.0,0,0,0,0,0,0,0.0,0,0,0.00,0.00,0.00,0.00,0,0,0,0,2026-07-22T14:42:46.613997Z,0.0,0.0,494307,349,0,,,0,Max,0.0,False,Has joined Burnley on loan for the rest of the season,2026-08-18T14:11:56.324656Z,,,0.0,Alleyne,,u,0,Alleyne,591,211,598,211,572,208,596,211,,,,,,,,,,,2,15,,,,,,185.0,,
,,,,,,,,,,,,,,395,0,0,-1,0,3.8,1,0,4.7,3.8,56,0,0,0,0,0,39.0,0,1,0.17,0.02,0.19,0.55,2,0,0,2,2026-07-22T14:42:46.614769Z,,,477064,488,0,,,0,Rico,0.2,False,,,,,1.0,Lewis,,a,1,Lewis,347,132,286,101,101,25,266,100,,,,,,,,,,,2,15,,,,,,133.0,,
,,,,,,,,,,,,,,396,0,0,3,0,0.9,0,0,0.2,1.2,1,0,0,0,0,0,0.0,0,0,0.00,0.00,0.00,0.00,0,0,0,0,2026-07-22T14:42:46.615422Z,,,616222,551,0,,,0,Vitor,0.2,False,,,,,1.0,de Oliveira Nunes dos Reis,,a,1,Vitor Reis,374,138,338,126,473,190,382,138,,,,,,,,,,,2,15,,,,,,134.0,,
2026-08-18T18:02:48.093060Z,397,252266.0,seans team,2766352.0,7.0,51073.0,48023.0,7.0,sean,kelly,1.0,,False,397,2,0,82,2,113.9,2,0,26.2,59.8,360,0,0,0,0,0,88.0,0,4,0.17,0.99,1.16,3.68,0,11,4,15,2026-07-22T14:42:46.616126Z,,,437730,6,0,,,3,Antoine,4.0,False,,,,,4.0,Semenyo,,a,16,Semenyo,124,39,19,18,28,16,25,18,,,,,,,,,,,3,15,20.0,7.0,3.0,-17.0,43.0,34.0,-31.0,28.0
2026-08-18T18:18:59.817900Z,398,252264.0,Jack Busst,2766394.0,49.0,51073.0,48023.0,9.0,Jack,Busst,5.0,,False,398,2,1,52,0,122.3,2,0,22.3,57.6,217,0,0,0,1,0,45.0,1,3,1.61,0.88,2.49,1.91,2,8,4,14,2026-07-22T14:42:46.616891Z,0.0,,209244,28,0,,,-2,Phil,2.2,False,Suspended until 17 Oct,2026-09-13T17:00:09.433455Z,,,2.2,Foden,,s,9,Foden,133,45,12,11,89,49,40,29,,,,,,,,,,,3,15,30.0,45.0,19.0,-11.0,40.0,73.0,-54.0,32.0
2026-08-18T18:14:27.939661Z,399,252267.0,Jeeves,2766382.0,37.0,51073.0,48023.0,7.0,James,Reeves,4.0,,False,399,2,4,115,1,155.4,1,2,36.0,123.0,218,0,0,0,0,0,81.0,1,3,0.59,1.41,2.00,1.82,1,6,0,7,2026-07-22T14:42:46.617611Z,,,466052,17,0,,,1,Rayan,6.5,False,,,,,6.5,Cherki,,a,26,Cherki,15,10,5,5,36,20,9,7,,,,,,,,,,,3,15,10.0,34.0,14.0,4.0,19.0,12.0,2.0,9.0
2026-08-18T18:11:03.824547Z,400,252264.0,Jack Busst,2766374.0,29.0,51073.0,48023.0,9.0,Jack,Busst,3.0,,False,400,0,0,0,0,0.0,0,0,0.0,0.0,0,0,0,0,0,0,0.0,0,0,0.00,0.00,0.00,0.00,0,0,0,0,2026-07-22T14:42:46.618358Z,0.0,0.0,248875,21,0,,,0,Jérémy,0.0,False,Calf injury - Expected back 20 Sep,2026-08-18T17:00:08.385597Z,,,0.0,Doku,,i,0,Doku,656,294,656,294,656,294,656,294,,,,,,,,,,,3,15,50.0,27.0,13.0,-37.0,50.0,251.0,-238.0,50.0
,,,,,,,,,,,,,,401,0,0,29,2,49.1,2,0,11.1,12.4,249,0,0,0,0,0,52.0,0,3,0.36,0.11,0.47,2.68,0,8,1,9,2026-07-22T14:42:46.619779Z,,,438234,30,0,,,2,Omar,1.5,False,,,,,2.0,Marmoush,,a,6,Marmoush,285,28,98,9,71,17,155,20,,,,,,,,,,,4,19,,,,,,22.0,,
,,,,,,,,,,,,,,402,0,0,0,0,0.0,0,0,0.0,0.0,0,0,0,0,0,0,0.0,0,0,0.00,0.00,0.00,0.00,0,0,0,0,2026-07-22T14:42:46.620548Z,0.0,0.0,220566,47,0,,,0,Rodrigo 'Rodri',0.0,False,Has joined Barcelona permanently,2026-07-23T12:01:23.675537Z,,,0.0,Hernandez Cascante,,u,0,Rodrigo,653,292,654,292,652,292,653,292,,,,,,,,,,,3,15,,,,,,252.0,,
,,,,,,,,,,,,,,403,0,0,37,2,71.0,0,0,14.2,27.0,150,0,0,0,0,0,43.0,0,2,0.12,0.53,0.65,1.60,1,5,0,6,2026-07-22T14:42:46.621181Z,100.0,100.0,510281,51,0,,,3,Sávio,1.5,False,,2026-08-29T16:30:08.380416Z,,,3.0,Moreira de Oliveira,,a,6,Sávio,232,94,54,45,94,53,110,58,,,,,,,,,,,3,19,,,,,,107.0,,
,,,,,,,,,,,,,,404,0,0,0,0,0.0,0,0,0.0,0.0,0,0,0,0,0,0,0.0,0,0,0.00,0.00,0.00,0.00,0,0,0,0,2026-07-22T14:42:46.621874Z,0.0,0.0,433036,87,0,,,0,Tijjani,0.0,False,Has joined Al Qadsiah permanently,2026-08-20T14:02:58.154273Z,,,0.0,Reijnders,,u,0,Reijnders,647,288,650,288,646,287,649,288,,,,,,,,,,,3,15,,,,,,253.0,,
,,,,,,,,,,,,,,405,0,0,23,1,42.0,2,0,5.8,13.4,164,0,0,0,0,0,2.0,1,3,0.00,0.21,0.21,2.34,3,9,0,12,2026-07-22T14:42:46.622623Z,50.0,,465694,176,0,,,1,Nico,1.2,False,Concussion - 50% chance of playing,2026-09-14T21:30:07.343728Z,,,1.7,González Iglesias,,d,5,N.Gonzalez,278,117,122,76,314,155,244,109,,,,,,,,,,,3,17,,,,,,114.0,,
,,,,,,,,,,,,,,406,0,0,12,0,5.2,0,0,0.9,4.2,42,0,0,0,0,0,0.0,0,0,0.00,0.02,0.02,0.10,0,2,0,2,2026-07-22T14:42:46.623394Z,,,91651,210,0,,,0,Mateo,0.5,False,,,,,1.0,Kovačić,,a,2,Kovačić,346,158,269,140,599,256,353,163,,,,,,,,,,,3,15,,,,,,153.0,,
,,,,,,,,,,,,,,407,0,0,0,0,0.0,0,0,0.0,0.0,0,0,0,0,0,0,0.0,0,0,0.00,0.00,0.00,0.00,0,0,0,0,2026-07-22T14:42:46.624095Z,0.0,0.0,575204,396,0,,,0,Claudio,0.0,False,Has joined Benfica on loan for the rest of the season,2026-09-03T15:41:24.710479Z,,,0.0,Echeverri,,u,0,Echeverri,560,234,561,239,525,214,565,236,,,,,,,,,,,3,15,,,,,,254.0,,
,,,,,,,,,,,,,,408,0,0,0,0,0.0,0,0,0.0,0.0,0,0,0,0,0,0,0.0,0,0,0.00,0.00,0.00,0.00,0,0,0,0,2026-07-22T14:42:46.624820Z,0.0,0.0,155405,397,0,,,0,Kalvin,0.0,False,Has joined Sheffield United on loan for the rest of the season,2026-08-18T14:11:56.348781Z,,,0.0,Phillips,,u,0,Phillips,567,238,569,243,539,223,572,240,,,,,,,,,,,3,15,,,,,,255.0,,
,,,,,,,,,,,,,,409,0,0,0,0,0.0,0,0,0.0,0.0,0,0,0,0,0,0,0.0,0,0,0.00,0.00,0.00,0.00,0,0,0,0,2026-07-22T14:42:46.625706Z,0.0,0.0,590039,508,0,,,0,Divine,0.0,False,has joined West Ham on loan for the rest of the seaon.,2026-09-03T10:34:10.733520Z,,,0.0,Mukasa,,u,0,Mukasa,507,197,506,204,463,176,512,199,,,,,,,,,,,3,15,,,,,,256.0,,
,,,,,,,,,,,,,,410,0,0,0,0,0.0,0,0,0.0,0.0,0,0,0,0,0,0,0.0,0,0,0.00,0.00,0.00,0.00,0,0,0,0,2026-07-22T14:42:46.626504Z,0.0,0.0,649208,398,0,,,0,Jeremy,0.0,False,Has joined Swansea City on loan for the rest of the season,2026-09-02T16:02:01.136760Z,,,0.0,Monga,,u,0,Monga,562,235,563,240,531,219,567,237,,,,,,,,,,,3,15,,,,,,257.0,,
2026-08-18T18:00:19.346730Z,411,252260.0,selgar fc,2766346.0,1.0,51073.0,48023.0,1.0,Sam,Elgar,1.0,,False,411,0,9,142,2,20.5,2,4,37.7,155.6,360,0,0,0,0,0,201.0,0,4,3.33,0.51,3.84,3.68,8,10,0,18,2026-07-22T14:42:46.627321Z,,,223094,1,0,,,9,Erling,8.2,True,,,,,8.2,Haaland,,a,33,Haaland,3,2,193,23,2,1,6,1,,,,,,,,,,,4,15,2.0,1.0,1.0,-1.0,18.0,2.0,-1.0,12.0
2026-08-18T18:32:07.663087Z,412,252260.0,selgar fc,2766425.0,80.0,51073.0,48023.0,10.0,Sam,Elgar,8.0,,False,412,0,0,36,0,0.0,7,0,8.6,85.6,360,0,0,0,0,10,0.0,0,4,0.00,0.00,0.00,5.18,5,33,0,0,2026-07-22T14:42:46.628142Z,,,465247,262,0,,,2,Senne,1.8,False,,,,,1.8,Lammens,,a,7,Lammens,67,10,551,58,514,56,195,11,,,,,,,,,,,1,16,14.0,73.0,8.0,-6.0,18.0,17.0,-9.0,15.0
,,,,,,,,,,,,,,413,0,0,0,0,0.0,0,0,0.0,0.0,0,0,0,0,0,0,0.0,0,0,0.00,0.00,0.00,0.00,0,0,0,0,2026-07-22T14:42:46.628783Z,0.0,0.0,451302,494,0,,,0,Altay,0.0,False,Has joined Celta Vigo on loan for the rest of the season,2026-08-10T14:02:28.608415Z,,,0.0,Bayındır,,u,0,Bayindir,476,60,474,45,427,41,481,60,,,,,,,,,,,1,16,,,,,,52.0,,
,,,,,,,,,,,,,,414,0,0,0,0,0.0,0,0,0.0,0.0,0,0,0,0,0,0,0.0,0,0,0.00,0.00,0.00,0.00,0,0,0,0,2026-07-22T14:42:46.629430Z,0.0,0.0,21205,638,0,,,0,Tom,0.0,False,Hamstring injury - Unknown return date,2026-08-15T16:00:07.854151Z,,,0.0,Heaton,,i,0,Heaton,390,24,382,5,321,1,394,24,,,,,,,,,,,1,16,,,,,,53.0,,
2026-08-18T18:22:04.873331Z,415,252259.0,Brumtown bandits,2766401.0,56.0,51073.0,48023.0,6.0,louis,Doherty,6.0,,False,415,0,0,15,0,32.9,6,0,11.5,30.8,165,0,0,0,0,0,61.0,1,2,0.65,0.08,0.73,3.38,6,4,8,18,2026-07-22T14:42:46.630158Z,,,596777,86,0,,,4,Patrick,1.5,False,,,,,1.5,Dorgu,,a,6,Dorgu,220,85,148,91,57,37,148,72,,,,,,,,,,,3,16,38.0,51.0,24.0,-14.0,41.0,108.0,-84.0,40.0
,,,,,,,,,,,,,,416,0,0,0,0,0.0,0,0,0.0,0.0,0,0,0,0,0,0,0.0,0,0,0.00,0.00,0.00,0.00,0,0,0,0,2026-07-22T14:42:46.631031Z,0.0,0.0,209365,313,0,,,0,Matthijs,0.0,False,Back injury - Unknown return date,2026-07-23T12:01:23.690880Z,,,0.0,de Ligt,,i,0,De Ligt,569,205,573,205,544,202,574,205,,,,,,,,,,,2,16,,,,,,186.0,,
2026-08-18T18:47:57.832466Z,417,252266.0,seans team,2766459.0,114.0,51073.0,48023.0,4.0,sean,kelly,12.0,,False,417,0,0,35,0,92.7,3,0,17.1,35.0,256,0,0,0,0,0,42.0,1,3,0.18,0.18,0.36,3.08,9,14,5,14,2026-07-22T14:42:46.632033Z,,,216051,261,0,,,2,Diogo,1.5,False,,,,,1.5,Dalot Teixeira,,a,6,Dalot,203,85,30,4,95,21,74,19,,,,,,,,,,,2,16,38.0,103.0,33.0,-5.0,31.0,85.0,-52.0,36.0
2026-08-18T18:56:22.691493Z,418,252263.0,Jack Austin,2766478.0,133.0,51073.0,48023.0,3.0,Jack,Austin,14.0,,False,418,1,0,33,0,33.0,7,0,14.0,68.8,360,0,0,0,0,0,38.0,2,4,0.19,0.43,0.62,5.18,24,17,2,26,2026-07-22T14:42:46.632787Z,,,95658,275,0,,,1,Harry,2.0,False,,,,,2.0,Maguire,,a,8,Maguire,102,46,146,44,103,27,113,41,,,,,,,,,,,2,16,32.0,120.0,45.0,13.0,16.0,66.0,-21.0,26.0
,,,,,,,,,,,,,,419,0,0,23,0,5.5,5,0,7.0,54.0,270,0,0,0,0,0,10.0,0,3,0.06,0.14,0.20,4.17,13,13,3,16,2026-07-22T14:42:46.633457Z,100.0,100.0,221820,307,0,,,2,Lisandro,1.5,False,,2026-07-24T20:00:10.337107Z,,,2.0,Martínez,,a,6,Martinez,141,64,267,95,223,77,218,80,,,,,,,,,,,2,16,,,,,,86.0,,
,,,,,,,,,,,,,,420,0,0,-1,0,2.4,2,0,1.3,7.8,22,0,0,0,0,0,2.0,0,0,0.00,0.02,0.02,1.09,3,1,2,5,2026-07-22T14:42:46.634203Z,,,550864,305,0,,,0,Leny,0.5,False,,,,,1.0,Yoro,,a,2,Yoro,315,121,307,111,303,114,341,124,,,,,,,,,,,2,16,,,,,,121.0,,
,,,,,,,,,,,,,,421,0,0,5,0,2.6,2,0,2.0,6.8,90,0,0,0,0,0,11.0,0,1,0.12,0.04,0.16,1.01,1,4,1,2,2026-07-22T14:42:46.634992Z,,,606745,473,0,,,0,Ayden,0.2,False,,,,,1.0,Heaven,,a,1,Heaven,320,122,303,108,213,72,324,117,,,,,,,,,,,2,16,,,,,,135.0,,
,,,,,,,,,,,,,,422,0,0,6,0,31.2,4,0,6.4,21.0,97,0,0,0,0,0,11.0,0,1,0.22,0.06,0.28,2.08,4,3,2,6,2026-07-22T14:42:46.635696Z,,,230001,468,0,,,0,Noussair,0.8,False,,,,,1.0,Mazraoui,,a,3,Mazraoui,255,106,156,47,212,71,231,85,,,,,,,,,,,2,16,,,,,,107.0,,
2026-08-18T18:45:56.602189Z,423,252263.0,Jack Austin,2766453.0,108.0,51073.0,48023.0,8.0,Jack,Austin,11.0,,False,423,1,0,47,0,85.6,4,0,18.4,86.0,252,0,0,0,0,0,13.0,1,3,0.02,0.51,0.53,3.01,14,6,6,20,2026-07-22T14:42:46.636300Z,75.0,75.0,106760,442,0,,,0,Luke,1.8,False,Unspecified injury - 75% chance of playing,2026-09-11T13:00:09.030120Z,,,2.3,Shaw,,d,7,Shaw,66,29,37,5,199,66,68,13,,,,,,,,,,,2,16,36.0,98.0,31.0,-5.0,32.0,78.0,-47.0,33.0
,,,,,,,,,,,,,,424,0,0,0,0,0.0,0,0,0.0,0.0,0,0,0,0,0,0,0.0,0,0,0.00,0.00,0.00,0.00,0,0,0,0,2026-07-22T14:42:46.636921Z,,,577974,641,0,,,0,Harry,0.0,False,,,,,0.0,Amass,,a,0,Amass,437,169,431,169,373,152,442,169,,,,,,,,,,,2,16,,,,,,187.0,,
,,,,,,,,,,,,,,425,0,0,0,0,0.0,0,0,0.0,0.0,0,0,0,0,0,0,0.0,0,0,0.00,0.00,0.00,0.00,0,0,0,0,2026-07-22T14:42:46.637529Z,0.0,0.0,547676,590,0,,,0,Tyler,0.0,False,Has joined Lausanne-Sport permanently,2026-08-18T14:12:31.904433Z,,,0.0,Fredricson,,u,0,Fredricson,429,161,423,161,363,142,434,161,,,,,,,,,,,2,16,,,,,,188.0,,
2026-08-18T18:00:25.707501Z,426,252262.0,Forrest FC,2766347.0,2.0,51073.0,48023.0,2.0,Sam,Forrest,1.0,,False,426,1,3,133,0,182.9,7,3,46.0,173.0,360,0,0,0,0,0,104.0,0,4,2.28,1.13,3.41,5.18,3,16,4,23,2026-07-22T14:42:46.638169Z,,,141746,2,0,,,2,Bruno,7.2,False,,,,,7.2,Borges Fernandes,,a,29,B.Fernandes,1,1,2,2,21,11,1,1,,,,,,,,,,,3,16,5.0,2.0,1.0,-4.0,29.0,6.0,-5.0,14.0
2026-08-18T18:06:06.525504Z,427,252349.0,Blaine,2766360.0,15.0,51073.0,48023.0,5.0,Blaine,Guiney,2.0,,False,427,1,3,87,0,117.9,7,2,35.1,106.2,360,0,0,0,0,0,126.0,1,4,2.80,0.55,3.35,5.18,5,13,4,22,2026-07-22T14:42:46.638823Z,,,446008,12,0,,,2,Bryan,5.8,False,,,,,5.8,Mbeumo,,a,23,Mbeumo,38,17,15,14,10,5,11,9,,,,,,,,,,,3,16,12.0,14.0,9.0,-3.0,28.0,15.0,-6.0,15.0
2026-08-18T18:05:58.036875Z,428,252263.0,Jack Austin,2766358.0,13.0,51073.0,48023.0,3.0,Jack,Austin,2.0,,False,428,2,1,63,1,76.3,4,0,19.6,30.6,317,0,0,0,0,0,88.0,0,4,0.58,0.44,1.02,3.82,0,7,3,10,2026-07-22T14:42:46.639434Z,,,430871,13,0,,,2,Matheus,4.0,False,,,,,4.0,Santos Carneiro da Cunha,,a,16,Cunha,222,86,48,39,27,15,55,40,,,,,,,,,,,3,16,21.0,12.0,7.0,-14.0,42.0,35.0,-28.0,27.0
2026-08-18T18:30:18.916508Z,429,252267.0,Jeeves,2766422.0,77.0,51073.0,48023.0,7.0,James,Reeves,8.0,,False,429,0,0,43,1,109.5,2,0,24.5,36.8,275,0,0,0,0,0,99.0,0,3,0.38,0.29,0.67,2.88,2,10,4,16,2026-07-22T14:42:46.640024Z,,,176297,31,0,,,2,Marcus,2.0,False,,,,,2.0,Rashford,,a,8,Rashford,197,80,21,19,22,12,29,20,,,,,,,,,,,3,16,33.0,70.0,31.0,-2.0,26.0,85.0,-54.0,33.0
,,,,,,,,,,,,,,430,0,0,0,0,0.0,0,0,0.0,0.0,0,0,0,0,0,0,0.0,0,0,0.00,0.00,0.00,0.00,0,0,0,0,2026-07-22T14:42:46.640647Z,100.0,100.0,184341,178,0,,,0,Mason,0.0,False,,2026-08-15T16:00:07.879135Z,,,0.0,Mount,,a,0,Mount,616,265,620,268,602,258,621,267,,,,,,,,,,,3,16,,,,,,258.0,,
,,,,,,,,,,,,,,431,0,0,0,0,0.0,0,0,0.0,0.0,0,0,0,0,0,0,0.0,0,0,0.00,0.00,0.00,0.00,0,0,0,0,2026-07-22T14:42:46.641196Z,0.0,0.0,493250,91,0,,,0,Amad,0.0,False,Unspecified injury - Unknown return date,2026-08-22T11:00:08.617283Z,,,0.0,Diallo,,i,0,Amad,638,282,642,282,635,280,641,282,,,,,,,,,,,3,16,,,,,,259.0,,
,,,,,,,,,,,,,,432,1,2,84,0,71.4,3,0,15.5,72.0,275,0,0,0,0,0,12.0,0,3,0.24,0.42,0.66,3.15,9,30,5,44,2026-07-22T14:42:46.641796Z,,,516895,169,0,,,4,Kobbie,4.5,False,,,,,4.5,Mainoo,,a,18,Mainoo,90,29,53,44,209,106,95,53,,,,,,,,,,,3,16,,,,,,27.0,,
,,,,,,,,,,,,,,433,0,0,0,0,0.0,0,0,0.0,0.0,0,0,0,0,0,0,0.0,0,0,0.00,0.00,0.00,0.00,0,0,0,0,2026-07-22T14:42:46.642376Z,0.0,0.0,232112,318,0,,,0,Manuel,0.0,False,Knee injury - Unknown return date,2026-07-23T12:01:23.706702Z,,,0.0,Ugarte Ribeiro,,i,0,Ugarte,575,242,579,247,550,228,580,244,,,,,,,,,,,3,16,,,,,,260.0,,
,,,,,,,,,,,,,,434,0,0,0,0,0.0,0,0,0.0,0.0,0,0,0,0,0,0,0.0,0,0,0.00,0.00,0.00,0.00,0,0,0,0,2026-07-22T14:42:46.643067Z,,,547037,353,0,,,0,Jack,0.0,False,,,,,0.0,Fletcher,,a,0,J.Fletcher,557,231,559,237,522,211,562,233,,,,,,,,,,,3,16,,,,,,261.0,,
,,,,,,,,,,,,,,435,0,0,3,0,0.6,0,0,0.1,0.2,10,0,0,0,0,0,0.0,0,0,0.00,0.00,0.00,0.00,0,1,0,1,2026-07-22T14:42:46.643710Z,,,576628,354,0,,,0,Shea,0.2,False,,,,,1.0,Lacey,,a,1,Lacey,385,179,350,172,526,215,388,181,,,,,,,,,,,3,16,,,,,,177.0,,
,,,,,,,,,,,,,,436,0,0,0,0,0.0,0,0,0.0,0.0,0,0,0,0,0,0,0.0,0,0,0.00,0.00,0.00,0.00,0,0,0,0,2026-07-22T14:42:46.644291Z,0.0,0.0,490881,399,0,,,0,Toby,0.0,False,Has joined West Brom permanently,2026-09-01T13:16:48.584385Z,,,0.0,Collyer,,u,0,Collyer,588,249,595,254,569,238,593,251,,,,,,,,,,,3,16,,,,,,262.0,,
,,,,,,,,,,,,,,437,0,0,0,0,0.0,0,0,0.0,0.0,0,0,0,0,0,0,0.0,0,0,0.00,0.00,0.00,0.00,0,0,0,0,2026-07-22T14:42:46.645080Z,,,576620,518,0,,,0,Bendito,0.0,False,,,,,0.0,Mantato,,a,0,Bendito Mantato,505,196,504,203,461,175,510,198,,,,,,,,,,,3,16,,,,,,263.0,,
,,,,,,,,,,,,,,438,0,0,0,0,0.0,0,0,0.0,0.0,0,0,0,0,0,0,0.0,0,0,0.00,0.00,0.00,0.00,0,0,0,0,2026-07-22T14:42:46.645896Z,,,519913,509,0,,,0,Tyler,0.0,False,,,,,0.0,Fletcher,,a,0,Fletcher,489,191,489,198,445,170,494,193,,,,,,,,,,,3,16,,,,,,264.0,,
2026-08-18T18:09:32.808799Z,439,252267.0,Jeeves,2766369.0,24.0,51073.0,48023.0,4.0,James,Reeves,3.0,,False,439,0,0,39,0,11.9,3,1,8.2,34.6,76,0,0,0,0,0,36.0,0,0,0.39,0.01,0.40,2.00,0,5,0,5,2026-07-22T14:42:46.646639Z,100.0,100.0,485711,29,0,,,1,Benjamin,2.0,False,,2026-07-23T12:01:23.722029Z,,,2.0,Sesko,,a,8,Šeško,209,18,237,27,113,24,206,22,,,,,,,,,,,4,16,14.0,22.0,8.0,-6.0,24.0,17.0,-9.0,20.0
,,,,,,,,,,,,,,440,0,0,4,0,4.8,0,0,0.9,4.4,7,0,0,0,0,0,0.0,0,0,0.00,0.01,0.01,0.02,1,2,0,3,2026-07-22T14:42:46.647447Z,,,458249,190,0,,,1,Joshua,0.2,False,,,,,1.0,Zirkzee,,a,1,Zirkzee,341,33,277,34,608,68,354,39,,,,,,,,,,,4,16,,,,,,46.0,,
,,,,,,,,,,,,,,441,0,0,0,0,0.0,0,0,0.0,0.0,0,0,0,0,0,0,0.0,0,0,0.00,0.00,0.00,0.00,0,0,0,0,2026-07-22T14:42:46.648281Z,0.0,,596047,553,0,,,0,Chido,0.0,False,Has joined Willem II on loan for the rest of the season,2026-09-14T16:12:42.090874Z,,,0.0,Obi,,u,0,Obi,511,53,510,58,467,52,516,56,,,,,,,,,,,4,16,,,,,,73.0,,
2026-08-18T18:58:42.859835Z,442,252262.0,Forrest FC,2766484.0,139.0,51073.0,48023.0,9.0,Sam,Forrest,14.0,,False,442,0,0,0,0,0.0,0,0,0.0,0.0,0,0,0,0,0,0,0.0,0,0,0.00,0.00,0.00,0.00,0,0,0,0,2026-07-22T14:42:46.649083Z,,,98747,269,0,,,0,Nick,0.0,False,,,,,0.0,Pope,,a,0,Pope,532,65,532,53,491,51,537,65,,,,,,,,,,,1,17,19.0,126.0,15.0,-4.0,16.0,54.0,-39.0,20.0
,,,,,,,,,,,,,,443,0,0,0,0,0.0,0,0,0.0,0.0,0,0,0,0,0,0,0.0,0,0,0.00,0.00,0.00,0.00,0,0,0,0,2026-07-22T14:42:46.649826Z,,,81441,555,0,,,0,Mark,0.0,False,,,,,0.0,Gillespie,,a,0,Gillespie,455,50,451,33,399,29,460,50,,,,,,,,,,,1,17,,,,,,55.0,,
,,,,,,,,,,,,,,444,0,0,0,0,0.0,0,0,0.0,0.0,0,0,0,0,0,0,0.0,0,0,0.00,0.00,0.00,0.00,0,0,0,0,2026-07-22T14:42:46.650446Z,50.0,50.0,554578,558,0,,,0,Ewen,0.0,False,Ankle injury - 50% chance of playing,2026-09-10T16:00:09.127466Z,,,0.0,Jaouen,,d,0,Jaouen,497,64,497,51,453,49,502,64,,,,,,,,,,,1,17,,,,,,56.0,,
,,,,,,,,,,,,,,445,0,0,19,1,14.9,8,0,9.2,74.8,360,1,0,0,0,0,2.0,0,4,0.00,0.07,0.07,7.55,32,7,0,32,2026-07-22T14:42:46.651148Z,,,465642,252,0,,,2,Malick,2.5,False,,,,,2.5,Thiaw,,a,10,Thiaw,84,38,213,70,307,116,185,70,,,,,,,,,,,2,17,,,,,,52.0,,
,,,,,,,,,,,,,,446,0,0,-1,0,0.0,1,0,0.0,0.0,1,0,0,0,0,0,0.0,0,0,0.00,0.00,0.00,0.79,0,0,0,0,2026-07-22T14:42:46.651908Z,100.0,100.0,119471,308,0,,,0,Fabian,0.2,False,,2026-08-15T16:30:07.209742Z,,,1.0,Schär,,a,1,Schär,565,204,567,204,537,201,570,204,,,,,,,,,,,2,17,,,,,,136.0,,
,,,,,,,,,,,,,,447,0,0,31,1,3.3,8,0,11.1,100.8,360,0,0,0,0,0,6.0,1,4,0.01,0.17,0.18,7.55,37,13,4,41,2026-07-22T14:42:46.652632Z,,,220237,276,0,,,2,Sven,2.8,False,,,,,2.8,Botman,,a,11,Botman,45,17,294,104,259,94,152,57,,,,,,,,,,,2,17,,,,,,46.0,,
2026-08-18T18:58:36.164674Z,448,252265.0,AL XI,2766483.0,138.0,51073.0,48023.0,8.0,Aaron,Long,14.0,,True,448,0,0,0,0,0.0,0,0,0.0,0.0,0,0,0,0,0,0,0.0,0,0,0.00,0.00,0.00,0.00,0,0,0,0,2026-07-22T14:42:46.654340Z,0.0,0.0,78916,272,0,,,0,Dan,0.0,False,Ankle injury - Expected back 19 Sep,2026-08-23T18:00:08.367241Z,,,0.0,Burn,,i,0,Burn,531,199,531,199,490,194,536,199,,,,,,,,,,,2,17,50.0,125.0,47.0,-3.0,29.0,189.0,-142.0,50.0
2026-08-18T18:54:51.901522Z,449,252266.0,seans team,2766472.0,127.0,51073.0,48023.0,7.0,sean,kelly,13.0,,False,449,1,3,89,1,59.8,8,0,18.3,110.0,359,0,0,0,0,0,14.0,0,4,0.06,0.68,0.74,7.53,24,31,12,36,2026-07-22T14:42:46.655081Z,,,487838,279,0,,,0,Lewis,4.5,False,,,,,4.5,Hall,,a,18,Hall,27,9,69,13,197,65,69,14,,,,,,,,,,,2,17,13.0,115.0,40.0,27.0,4.0,24.0,16.0,5.0
,,,,,,,,,,,,,,450,1,0,12,0,3.8,1,0,1.3,5.0,33,0,0,0,0,0,4.0,1,0,0.00,0.01,0.01,0.18,1,4,2,3,2026-07-22T14:42:46.655875Z,100.0,100.0,441191,300,0,,,3,Tino,1.0,False,,2026-07-23T12:01:23.753221Z,,,2.0,Livramento,,a,4,Livramento,336,129,287,102,283,105,340,123,,,,,,,,,,,2,17,,,,,,96.0,,
,,,,,,,,,,,,,,451,0,0,0,0,0.0,0,0,0.0,0.0,0,0,0,0,0,0,0.0,0,0,0.00,0.00,0.00,0.00,0,0,0,0,2026-07-22T14:42:46.656666Z,0.0,0.0,545477,589,0,,,0,Alex,0.0,False,Has joined FC Kaiserslautern on loan for the rest of the season,2026-08-12T14:05:29.224600Z,,,0.0,Murphy,,u,0,A.Murphy,428,160,422,160,362,141,433,160,,,,,,,,,,,2,17,,,,,,190.0,,
2026-08-18T18:08:48.355961Z,452,252260.0,selgar fc,2766366.0,21.0,51073.0,48023.0,1.0,Sam,Elgar,3.0,,False,452,0,1,33,0,4.7,0,1,5.4,36.8,64,0,0,0,0,0,13.0,0,0,0.09,0.15,0.24,1.57,1,4,1,6,2026-07-22T14:42:46.657321Z,100.0,100.0,208706,26,0,,,7,Bruno,2.0,False,,2026-09-04T14:00:08.328779Z,,,4.0,Guimarães Rodriguez Moura,,a,8,Bruno G.,196,79,279,146,204,104,252,112,,,,,,,,,,,3,1,34.0,19.0,11.5,-22.5,47.0,86.0,-74.5,37.0
2026-08-18T18:41:18.620684Z,453,252260.0,selgar fc,2766446.0,101.0,51073.0,48023.0,1.0,Sam,Elgar,11.0,,False,453,1,2,71,1,44.1,8,1,17.1,57.6,360,0,0,0,0,0,69.0,0,4,0.51,0.37,0.88,7.55,10,11,3,24,2026-07-22T14:42:46.658006Z,,,201666,84,0,,,2,Harvey,4.8,False,,,,,4.8,Barnes,,a,19,Barnes,132,44,112,72,50,31,75,45,,,,,,,,,,,3,17,15.0,91.0,41.0,26.0,4.0,21.0,20.0,5.0
,,,,,,,,,,,,,,454,0,2,71,1,50.6,3,2,19.4,82.6,232,0,0,0,0,0,61.0,1,3,0.42,0.34,0.76,4.01,2,3,4,9,2026-07-22T14:42:46.658702Z,0.0,,449434,103,0,,,0,Anthony,4.5,False,Unspecified injury - Unknown return date,2026-09-14T20:00:09.505598Z,,,6.0,Elanga,,i,18,Elanga,74,24,93,63,58,38,60,42,,,,,,,,,,,3,17,,,,,,28.0,,
,,,,,,,,,,,,,,455,0,0,68,2,71.4,5,0,13.6,46.2,344,0,0,0,0,0,18.0,0,4,0.18,0.40,0.58,6.62,10,16,5,31,2026-07-22T14:42:46.659350Z,75.0,,432422,162,0,,,3,Sandro,3.0,False,Knock - 75% chance of playing,2026-09-14T14:30:07.387706Z,,,3.0,Tonali,,d,12,Tonali,166,63,52,43,165,86,118,60,,,,,,,,,,,3,19,,,,,,52.0,,
,,,,,,,,,,,,,,456,0,0,26,0,6.3,1,1,6.7,40.4,69,0,0,0,0,0,21.0,1,0,0.17,0.16,0.33,1.92,3,6,2,11,2026-07-22T14:42:46.660044Z,25.0,,232653,296,0,,,0,Jacob,1.8,False,Thigh injury - 25% chance of playing,2026-09-15T09:00:08.191022Z,,,2.3,Ramsey,,d,7,J.Ramsey,181,71,262,135,149,76,226,103,,,,,,,,,,,3,17,,,,,,91.0,,
,,,,,,,,,,,,,,457,0,0,9,0,7.2,4,0,1.6,3.6,91,0,0,0,0,0,6.0,2,1,0.00,0.34,0.34,3.37,1,7,2,10,2026-07-22T14:42:46.661130Z,,,114243,93,0,,,0,Jacob,0.5,False,,,,,0.5,Murphy,,a,2,J.Murphy,350,161,259,133,265,132,332,152,,,,,,,,,,,3,17,,,,,,154.0,,
,,,,,,,,,,,,,,458,0,0,0,0,0.0,0,0,0.0,0.0,0,0,0,0,0,0,0.0,0,0,0.00,0.00,0.00,0.00,0,0,0,0,2026-07-22T14:42:46.662192Z,0.0,0.0,180974,170,0,,,0,Joelinton Cássio,0.0,False,Unspecified injury - Unknown return date,2026-08-16T08:00:08.074045Z,,,0.0,Apolinário de Lira,,i,0,Joelinton,615,264,619,267,601,257,620,266,,,,,,,,,,,3,17,,,,,,265.0,,
,,,,,,,,,,,,,,459,0,0,49,1,41.7,7,0,8.3,36.6,306,1,0,0,0,0,5.0,1,4,0.05,0.10,0.15,6.36,13,21,2,36,2026-07-22T14:42:46.663159Z,100.0,100.0,547719,171,0,,,0,Lewis,2.0,False,,2026-07-23T12:01:23.785456Z,,,2.0,Miley,,a,8,L.Miley,198,81,123,77,274,138,202,94,,,,,,,,,,,3,17,,,,,,87.0,,
,,,,,,,,,,,,,,460,0,0,42,1,33.7,4,1,12.4,52.0,198,0,0,0,0,0,46.0,0,2,0.64,0.26,0.90,3.73,3,5,4,12,2026-07-22T14:42:46.663926Z,,,200089,319,0,,,1,Joe,3.0,False,,,,,3.0,Willock,,a,12,Willock,147,52,143,88,83,46,136,68,,,,,,,,,,,3,17,,,,,,53.0,,
,,,,,,,,,,,,,,461,0,0,27,0,5.3,1,1,6.3,36.6,34,0,0,0,0,0,21.0,0,0,0.28,0.01,0.29,0.16,0,2,0,2,2026-07-22T14:42:46.664673Z,,,611665,114,0,,,6,Bazoumana,1.8,False,,,,,3.5,Touré,,a,7,Touré,200,82,268,139,153,79,234,105,,,,,,,,,,,3,17,,,,,,92.0,,
,,,,,,,,,,,,,,462,0,0,24,0,21.9,5,0,4.2,19.4,158,0,0,0,0,0,0.0,0,1,0.00,0.03,0.03,3.71,7,5,2,14,2026-07-22T14:42:46.665526Z,,,636852,403,0,,,2,Sean,1.2,False,,,,,1.2,Steur,,a,5,Steur,260,109,187,106,530,218,273,120,,,,,,,,,,,3,17,,,,,,115.0,,
2026-08-18T18:33:56.739566Z,463,252259.0,Brumtown bandits,2766430.0,85.0,51073.0,48023.0,5.0,louis,Doherty,9.0,,False,463,1,0,18,0,10.5,0,0,4.0,18.2,19,0,0,0,0,0,11.0,0,0,0.02,0.01,0.03,0.38,0,0,0,0,2026-07-22T14:42:46.666360Z,0.0,0.0,470313,83,0,,,0,Nick,1.0,False,Has joined Juventus on loan for the rest of the season,2026-09-02T16:07:16.549304Z,,,4.0,Woltemade,,u,4,Woltemade,267,25,245,31,219,34,279,32,,,,,,,,,,,4,17,21.0,77.0,22.0,1.0,12.0,29.0,-7.0,16.0
2026-08-18T18:22:07.818315Z,464,252267.0,Jeeves,2766402.0,57.0,51073.0,48023.0,7.0,James,Reeves,6.0,,False,464,1,2,54,1,55.4,7,1,19.9,57.8,351,0,0,0,0,0,86.0,2,4,1.51,0.05,1.56,6.38,4,12,6,22,2026-07-22T14:42:46.667200Z,,,216646,108,0,,,2,Yoane,3.8,False,,,,,3.8,Wissa,,a,15,Wissa,130,8,80,6,30,12,51,8,,,,,,,,,,,4,17,8.0,52.0,16.0,8.0,7.0,9.0,7.0,4.0
2026-08-18T18:27:03.417665Z,465,252263.0,Jack Austin,2766413.0,68.0,51073.0,48023.0,8.0,Jack,Austin,7.0,,False,465,1,0,18,0,13.7,1,0,5.0,28.2,55,0,0,0,0,0,8.0,0,1,0.06,0.14,0.20,1.48,2,2,1,5,2026-07-22T14:42:46.668034Z,0.0,0.0,538207,96,0,,,0,William,1.0,False,Foot injury - Unknown return date,2026-08-25T19:00:08.004915Z,,,4.0,Osula,,i,4,Osula,231,21,222,25,241,37,262,29,,,,,,,,,,,4,17,22.0,62.0,19.0,-3.0,21.0,30.0,-11.0,22.0
,,,,,,,,,,,,,,466,0,0,0,0,0.0,0,0,0.0,0.0,0,0,0,0,0,0,0.0,0,0,0.00,0.00,0.00,0.00,0,0,0,0,2026-07-22T14:42:46.669176Z,0.0,0.0,599303,519,0,,,0,Sean,0.0,False,Has joined Wolves on loan for the rest of the season,2026-09-04T12:37:43.515176Z,,,0.0,Neave,,u,0,Neave,513,54,512,59,469,53,518,57,,,,,,,,,,,4,17,,,,,,74.0,,
2026-08-18T18:47:32.927759Z,467,252264.0,Jack Busst,2766457.0,112.0,51073.0,48023.0,2.0,Jack,Busst,12.0,,False,467,0,0,57,1,0.0,4,0,6.8,68.2,360,0,0,0,0,9,0.0,0,4,0.00,0.01,0.01,4.10,6,37,0,0,2026-07-22T14:42:46.669946Z,,,85633,264,0,,,3,Matz,3.0,False,,,,,3.0,Sels,,a,12,Sels,104,18,565,60,534,58,223,18,,,,,,,,,,,1,18,10.0,101.0,10.0,0.0,9.0,12.0,-2.0,8.0
,,,,,,,,,,,,,,468,0,0,0,0,0.0,0,0,0.0,0.0,0,0,0,0,0,0,0.0,0,0,0.00,0.00,0.00,0.00,0,0,0,0,2026-07-22T14:42:46.670636Z,,,221389,495,0,,,0,John Victor,0.0,False,,,,,0.0,Maciel Furtado,,a,0,John,466,57,463,41,413,37,471,57,,,,,,,,,,,1,18,,,,,,57.0,,
2026-08-18T18:26:12.398486Z,469,252259.0,Brumtown bandits,2766410.0,65.0,51073.0,48023.0,5.0,louis,Doherty,7.0,,False,469,1,1,66,1,61.9,4,0,15.8,69.8,360,0,0,0,0,0,26.0,0,4,0.32,0.40,0.72,4.10,14,20,13,27,2026-07-22T14:42:46.671342Z,,,215136,251,0,,,2,Neco,4.2,False,,,,,4.2,Williams,,a,17,N.Williams,96,43,64,11,131,39,91,26,,,,,,,,,,,2,18,16.0,59.0,16.0,0.0,25.0,28.0,-12.0,23.0
,,,,,,,,,,,,,,470,0,0,0,0,0.0,0,0,0.0,0.0,0,0,0,0,0,0,0.0,0,0,0.00,0.00,0.00,0.00,0,0,0,0,2026-07-22T14:42:46.672063Z,0.0,0.0,485047,306,0,,,0,Felipe,0.0,False,Has joined West Ham on loan for the rest of the season,2026-09-02T16:19:54.503286Z,,,0.0,Rodrigues da Silva,,u,0,Morato,583,209,590,209,563,206,588,209,,,,,,,,,,,2,18,,,,,,191.0,,
2026-08-18T18:33:02.704108Z,471,252262.0,Forrest FC,2766427.0,82.0,51073.0,48023.0,2.0,Sam,Forrest,9.0,,False,471,0,0,34,1,1.4,3,0,7.0,53.2,270,0,0,0,0,0,16.0,1,3,0.11,0.03,0.14,3.28,26,12,5,31,2026-07-22T14:42:46.672698Z,0.0,,227444,135,0,,,0,Nikola,3.0,False,Hamstring injury - Expected back 11 Oct,2026-09-12T14:00:09.705107Z,,,4.0,Milenković,,i,12,Milenković,143,66,327,120,174,55,220,81,,,,,,,,,,,2,18,23.0,74.0,21.0,-2.0,28.0,43.0,-22.0,28.0
2026-08-18T18:51:14.736040Z,472,252260.0,selgar fc,2766465.0,120.0,51073.0,48023.0,10.0,Sam,Elgar,12.0,,False,472,1,0,60,1,38.3,4,0,15.1,94.2,359,0,0,0,0,0,18.0,1,4,0.35,0.29,0.64,4.10,34,16,8,42,2026-07-22T14:42:46.673320Z,100.0,100.0,575476,158,0,,,6,Murillo,4.8,False,,2026-07-23T12:01:23.801183Z,,,4.8,Costa dos Santos,,a,19,Murillo,53,20,135,38,166,51,99,32,,,,,,,,,,,2,18,9.0,109.0,37.5,28.5,3.0,20.0,17.5,4.0
2026-08-18T18:29:30.267908Z,473,252263.0,Jack Austin,2766418.0,73.0,51073.0,48023.0,3.0,Jack,Austin,8.0,,False,473,0,0,45,1,53.3,3,0,12.7,58.2,306,0,0,0,0,0,15.0,2,4,0.04,0.53,0.57,3.72,12,14,10,22,2026-07-22T14:42:46.674103Z,,,159506,461,0,,,2,Ola,2.0,False,,,,,2.0,Aina,,a,8,Aina,128,60,82,19,179,59,133,48,,,,,,,,,,,2,18,33.0,66.0,18.0,-15.0,40.0,67.0,-49.0,34.0
,,,,,,,,,,,,,,474,0,0,35,1,2.4,3,0,5.9,55.4,270,0,0,0,0,0,1.0,1,3,0.03,0.01,0.04,3.28,23,5,5,28,2026-07-22T14:42:46.674753Z,50.0,,575458,493,0,,,0,Jair,2.5,False,Hamstring injury - 50% chance of playing,2026-09-12T14:00:09.724349Z,,,3.3,Paula da Cunha Filho,,d,10,Jair Cunha,137,63,306,110,317,119,242,90,,,,,,,,,,,2,18,,,,,,53.0,,
,,,,,,,,,,,,,,475,0,0,0,0,0.0,0,0,0.0,0.0,0,0,0,0,0,0,0.0,0,0,0.00,0.00,0.00,0.00,0,0,0,0,2026-07-22T14:42:46.675358Z,0.0,0.0,500151,477,0,,,0,Nicolò,0.0,False,Knee injury - Unknown return date,2026-07-23T12:01:23.816304Z,,,0.0,Savona,,i,0,Savona,483,188,483,188,439,181,488,188,,,,,,,,,,,2,18,,,,,,192.0,,
,,,,,,,,,,,,,,476,0,0,0,0,0.0,0,0,0.0,0.0,0,0,0,0,0,0,0.0,0,0,0.00,0.00,0.00,0.00,0,0,0,0,2026-07-22T14:42:46.676031Z,,,204822,642,0,,,0,Omar,0.0,False,,,,,0.0,Richards,,a,0,O.Richards,407,148,401,148,341,129,412,148,,,,,,,,,,,2,18,,,,,,193.0,,
,,,,,,,,,,,,,,477,0,0,0,0,0.0,0,0,0.0,0.0,0,0,0,0,0,0,0.0,0,0,0.00,0.00,0.00,0.00,0,0,0,0,2026-07-22T14:42:46.676702Z,0.0,0.0,549067,587,0,,,0,Zach,0.0,False,Has joined Southampton on loan for the rest of the season,2026-09-02T16:19:54.536676Z,,,0.0,Abbott,,u,0,Abbott,431,163,425,163,365,144,436,163,,,,,,,,,,,2,18,,,,,,194.0,,
,,,,,,,,,,,,,,478,0,0,3,0,0.9,1,0,0.3,2.0,20,0,0,0,0,0,0.0,0,0,0.00,0.00,0.00,0.13,0,1,1,1,2026-07-22T14:42:46.677427Z,,,470315,496,0,,,0,Luca,0.5,False,,,,,1.0,Netz,,a,2,Netz,367,136,337,125,390,165,375,137,,,,,,,,,,,2,18,,,,,,122.0,,
,,,,,,,,,,,,,,479,0,0,0,0,0.0,0,0,0.0,0.0,0,0,0,0,0,0,0.0,0,0,0.00,0.00,0.00,0.00,0,0,0,0,2026-07-22T14:42:46.678153Z,0.0,0.0,538638,643,0,,,0,Tyler,0.0,False,Has joined Charlton Athletic on loan for the rest of the season,2026-09-01T13:16:05.383880Z,,,0.0,Bindon,,u,0,Bindon,427,159,421,159,361,140,432,159,,,,,,,,,,,2,18,,,,,,195.0,,
2026-08-18T18:03:34.146024Z,480,252264.0,Jack Busst,2766354.0,9.0,51073.0,48023.0,9.0,Jack,Busst,1.0,,False,480,2,6,91,1,123.3,4,1,29.6,101.0,360,0,0,0,0,0,72.0,0,4,1.56,1.02,2.58,4.10,2,12,5,19,2026-07-22T14:42:46.678864Z,100.0,100.0,222531,9,0,,,8,Morgan,6.5,False,,2026-08-24T15:30:08.350159Z,,,6.5,Gibbs-White,,a,26,Gibbs-White,44,19,11,10,45,27,18,14,,,,,,,,,,,3,18,11.0,9.0,5.0,-6.0,35.0,13.0,-8.0,18.0
2026-08-18T18:24:12.972190Z,481,252260.0,selgar fc,2766405.0,60.0,51073.0,48023.0,10.0,Sam,Elgar,6.0,,False,481,0,0,80,2,72.4,2,0,16.5,74.0,323,0,0,0,0,0,18.0,1,4,0.09,0.65,0.74,3.58,14,20,11,45,2026-07-22T14:42:46.679601Z,100.0,100.0,215379,32,0,,,5,Elliot,3.2,False,,2026-08-23T17:00:07.952697Z,,,3.2,Anderson,,a,13,Anderson,87,26,51,42,167,87,82,50,,,,,,,,,,,3,15,23.0,55.0,26.5,3.5,20.0,44.0,-17.5,24.0
2026-08-18T18:57:03.113557Z,482,252267.0,Jeeves,2766482.0,137.0,51073.0,48023.0,7.0,James,Reeves,14.0,,False,482,0,0,2,0,0.3,0,0,0.0,0.0,1,0,0,0,0,0,0.0,0,0,0.00,0.00,0.00,0.00,0,0,0,0,2026-07-22T14:42:46.680429Z,100.0,100.0,209046,92,0,,,0,Callum,0.2,False,,2026-07-23T12:01:23.832709Z,,,1.0,Hudson-Odoi,,a,1,Hudson-Odoi,637,281,369,182,632,278,640,281,,,,,,,,,,,3,18,48.0,124.0,49.0,1.0,24.0,178.0,-129.0,47.0
,,,,,,,,,,,,,,483,0,2,41,1,38.3,2,1,14.7,37.6,258,0,0,0,0,0,74.0,1,4,1.05,0.88,1.93,3.21,2,15,2,19,2026-07-22T14:42:46.681280Z,,,456512,180,0,,,1,Dan,3.5,False,,,,,3.5,Ndoye,,a,14,Ndoye,194,78,134,85,42,25,103,54,,,,,,,,,,,3,18,,,,,,40.0,,
,,,,,,,,,,,,,,484,0,0,0,0,0.0,0,0,0.0,0.0,0,0,0,0,0,0,0.0,0,0,0.00,0.00,0.00,0.00,0,0,0,0,2026-07-22T14:42:46.682025Z,0.0,0.0,503301,160,0,,,0,Omari,0.0,False,Has joined AC Milan on loan for the rest of the season,2026-09-01T13:23:52.340206Z,,,0.0,Hutchinson,,u,0,Hutchinson,624,272,627,274,613,266,628,273,,,,,,,,,,,3,18,,,,,,266.0,,
,,,,,,,,,,,,,,485,0,0,0,0,0.0,0,0,0.0,0.0,0,0,0,0,0,0,0.0,0,0,0.00,0.00,0.00,0.00,0,0,0,0,2026-07-22T14:42:46.682782Z,0.0,0.0,476887,198,0,,,0,Dilane,0.0,False,Has joined Lille on loan for the rest of the season,2026-08-27T14:53:03.381941Z,,,0.0,Bakwa,,u,0,Bakwa,634,278,640,280,628,274,638,279,,,,,,,,,,,3,18,,,,,,267.0,,
,,,,,,,,,,,,,,486,0,0,74,2,147.8,3,0,21.7,48.8,334,0,0,0,0,0,20.0,2,4,0.16,0.92,1.08,3.88,8,19,8,35,2026-07-22T14:42:46.683588Z,,,432714,203,0,,,3,James,2.5,False,,,,,2.5,McAtee,,a,10,McAtee,162,61,7,7,155,81,44,33,,,,,,,,,,,3,18,,,,,,63.0,,
,,,,,,,,,,,,,,487,0,0,3,0,0.0,0,0,0.0,0.2,1,0,0,0,0,0,0.0,0,0,0.00,0.00,0.00,0.00,0,0,0,0,2026-07-22T14:42:46.684272Z,,,250199,309,0,,,0,Nicolás,0.2,False,,,,,1.0,Domínguez,,a,1,Dominguez,384,178,543,227,506,201,549,223,,,,,,,,,,,3,18,,,,,,179.0,,
,,,,,,,,,,,,,,488,0,0,12,0,13.4,1,0,3.9,20.2,98,0,0,0,0,0,5.0,0,1,0.09,0.02,0.11,0.56,4,3,1,8,2026-07-22T14:42:46.684983Z,100.0,100.0,210462,277,0,,,1,Ibrahim,0.8,False,,2026-08-28T09:30:07.471668Z,,,1.5,Sangaré,,a,3,I.Sangaré,258,108,226,121,269,135,282,124,,,,,,,,,,,3,18,,,,,,137.0,,
,,,,,,,,,,,,,,489,0,0,0,0,0.0,0,0,0.0,0.0,0,0,0,0,0,0,0.0,0,0,0.00,0.00,0.00,0.00,0,0,0,0,2026-07-22T14:42:46.685649Z,100.0,100.0,204968,480,0,,,0,Ryan,0.0,False,,2026-08-17T20:30:08.195072Z,,,0.0,Yates,,a,0,Yates,464,185,461,192,410,164,469,187,,,,,,,,,,,3,18,,,,,,268.0,,
2026-08-18T18:37:27.686677Z,490,252264.0,Jack Busst,2766437.0,92.0,51073.0,48023.0,2.0,Jack,Busst,10.0,,False,490,0,0,9,0,2.5,1,0,0.4,0.2,45,0,0,0,0,0,3.0,0,0,0.12,0.01,0.13,0.49,0,1,0,1,2026-07-22T14:42:46.686336Z,,,60689,106,0,,,1,Chris,0.8,False,,,,,1.0,Wood,,a,3,Wood,387,43,305,38,297,41,372,42,,,,,,,,,,,4,18,23.0,83.0,23.0,0.0,15.0,35.0,-12.0,24.0
2026-08-18T18:10:28.954310Z,491,252263.0,Jack Austin,2766373.0,28.0,51073.0,48023.0,8.0,Jack,Austin,3.0,,False,491,0,2,49,0,31.5,3,1,16.9,51.4,226,0,0,0,0,0,86.0,1,2,1.09,0.07,1.16,2.57,5,5,2,12,2026-07-22T14:42:46.687158Z,,,482973,81,0,,,7,Igor Jesus,2.8,False,,,,,2.8,Maciel da Cruz,,a,11,Igor Jesus,153,11,154,15,29,11,78,12,,,,,,,,,,,4,18,13.0,26.0,10.0,-3.0,22.0,15.0,-5.0,15.0
2026-08-18T18:50:07.797910Z,492,252267.0,Jeeves,2766462.0,117.0,51073.0,48023.0,7.0,James,Reeves,12.0,,False,492,0,0,11,0,46.2,7,0,13.6,13.6,232,0,0,0,1,0,78.0,0,3,1.30,0.04,1.34,3.55,3,7,1,11,2026-07-22T14:42:46.687902Z,0.0,,210156,188,0,,,-2,Taiwo,0.8,False,Suspended until 19 Oct,2026-09-13T15:00:09.305127Z,,,0.8,Awoniyi,,s,3,Awoniyi,276,27,104,10,40,14,119,15,,,,,,,,,,,4,7,24.0,106.0,25.0,1.0,13.0,36.0,-11.0,23.0
,,,,,,,,,,,,,,493,0,0,3,0,0.0,0,0,0.0,0.0,1,0,0,0,0,0,0.0,0,0,0.00,0.00,0.00,0.00,0,0,0,0,2026-07-22T14:42:46.688711Z,,,465680,211,0,,,0,Arnaud,0.2,False,,,,,1.0,Kalimuendo,,a,1,Kalimuendo,620,68,624,72,609,69,625,71,,,,,,,,,,,4,18,,,,,,47.0,,
2026-08-18T19:02:59.544980Z,494,252264.0,Jack Busst,2766494.0,149.0,51073.0,48023.0,9.0,Jack,Busst,15.0,,False,494,0,0,0,0,0.0,0,0,0.0,0.0,0,0,0,0,0,0,0.0,0,0,0.00,0.00,0.00,0.00,0,0,0,0,2026-07-22T14:42:46.689466Z,0.0,0.0,184254,453,0,,,0,Guglielmo,0.0,False,Has joined Juventus on loan for the rest of the season,2026-08-19T13:55:33.193962Z,,,0.0,Vicario,,u,0,Vicario,462,55,459,39,408,35,467,55,,,,,,,,,,,1,19,20.0,135.0,20.0,0.0,10.0,58.0,-38.0,19.0
,,,,,,,,,,,,,,495,0,0,0,0,0.0,0,0,0.0,0.0,0,0,0,0,0,0,0.0,0,0,0.00,0.00,0.00,0.00,0,0,0,0,2026-07-22T14:42:46.690155Z,,,214572,645,0,,,0,Brandon,0.0,False,,,,,0.0,Austin,,a,0,Austin,408,37,402,18,342,14,413,37,,,,,,,,,,,1,19,,,,,,59.0,,
2026-08-18T18:54:49.093012Z,496,252349.0,Blaine,2766471.0,126.0,51073.0,48023.0,6.0,Blaine,Guiney,13.0,,False,496,0,0,72,2,10.0,5,0,8.8,77.6,360,0,0,0,0,9,0.0,0,4,0.00,0.00,0.00,6.62,10,29,0,0,2026-07-22T14:42:46.690896Z,,,485055,486,0,,,7,Antonín,4.0,False,,,,,4.0,Kinský,,a,16,Kinsky,77,15,248,2,432,44,194,10,,,,,,,,,,,1,19,7.0,114.0,12.0,5.0,4.0,8.0,4.0,4.0
,,,,,,,,,,,,,,497,0,0,0,0,0.0,0,0,0.0,0.0,0,0,0,0,0,0,0.0,0,0,0.00,0.00,0.00,0.00,0,0,0,0,2026-07-22T14:42:46.691718Z,,,67089,580,0,,,0,Martin,0.0,False,,,,,0.0,Dubravka,,a,0,Dubravka,394,28,386,9,325,5,398,28,,,,,,,,,,,1,19,,,,,,60.0,,
2026-08-18T18:15:14.398640Z,498,252260.0,selgar fc,2766385.0,40.0,51073.0,48023.0,10.0,Sam,Elgar,4.0,,False,498,0,0,10,0,2.2,3,0,3.9,36.6,90,0,0,0,0,0,0.0,0,1,0.00,0.02,0.02,3.87,11,2,5,16,2026-07-22T14:42:46.692406Z,,,221466,60,0,,,0,Marcos,0.8,False,,,,,3.0,Senesi Barón,,a,3,Senesi,199,83,309,112,633,213,284,107,,,,,,,,,,,2,19,44.0,37.0,12.0,-32.0,46.0,108.0,-96.0,46.0
2026-08-18T18:13:06.505583Z,499,252264.0,Jack Busst,2766377.0,32.0,51073.0,48023.0,2.0,Jack,Busst,4.0,,False,499,0,1,29,1,43.7,2,0,9.3,22.6,180,0,0,0,0,0,27.0,0,2,0.36,0.16,0.52,1.64,6,5,2,8,2026-07-22T14:42:46.693105Z,75.0,75.0,441164,136,0,,,0,Pedro,2.0,False,Unspecified injury - 75% chance of playing,2026-09-11T18:00:09.076279Z,,,4.0,Porro Sauceda,,d,8,Pedro Porro,248,103,114,30,130,38,184,69,,,,,,,,,,,2,19,34.0,29.0,6.0,-28.0,45.0,68.0,-62.0,38.0
,,,,,,,,,,,,,,500,0,0,0,0,0.0,0,0,0.0,0.0,0,0,0,0,0,0,0.0,0,0,0.00,0.00,0.00,0.00,0,0,0,0,2026-07-22T14:42:46.693854Z,0.0,0.0,221632,274,0,,,0,Cristian,0.0,False,Has joined Atletico Madrid permanently,2026-08-17T13:49:05.465401Z,,,0.0,Romero,,u,0,Romero,572,206,576,206,547,203,577,206,,,,,,,,,,,2,19,,,,,,196.0,,
,,,,,,,,,,,,,,501,0,0,15,0,21.9,3,0,6.2,37.6,180,0,0,0,0,0,2.0,0,2,0.00,0.16,0.16,3.09,11,6,1,12,2026-07-22T14:42:46.694627Z,,,135720,295,0,,,1,Kevin,0.8,False,,,,,1.5,Danso,,a,3,Danso,192,81,188,61,305,115,237,87,,,,,,,,,,,2,20,,,,,,109.0,,
,,,,,,,,,,,,,,502,0,1,53,1,67.8,4,0,16.2,59.8,276,0,0,0,0,0,35.0,0,3,0.13,0.17,0.30,5.89,14,8,3,17,2026-07-22T14:42:46.695357Z,,,122798,466,0,,,7,Andrew,3.2,False,,,,,3.2,Robertson,,a,13,Robertson,123,59,56,8,114,30,85,22,,,,,,,,,,,2,19,,,,,,36.0,,
2026-08-18T18:46:27.900277Z,503,252258.0,Paddy,2766455.0,110.0,51073.0,48023.0,10.0,Paddy,Farrell,11.0,,False,503,0,3,62,2,6.4,2,0,7.2,51.6,270,0,0,0,0,0,14.0,1,3,0.57,0.04,0.61,2.75,19,12,4,23,2026-07-22T14:42:46.696164Z,100.0,100.0,491279,257,0,,,6,Micky,3.8,False,,2026-08-21T15:00:07.610517Z,,,5.0,van de Ven,,a,15,Van de Ven,150,67,261,93,196,64,215,79,,,,,,,,,,,2,19,18.0,100.0,32.0,14.0,15.0,31.0,1.0,14.0
,,,,,,,,,,,,,,504,0,2,71,2,16.4,5,1,19.4,107.6,347,0,0,0,0,0,70.0,0,4,0.46,0.07,0.53,6.82,27,13,4,31,2026-07-22T14:42:46.697009Z,,,610799,405,0,,,6,Luka,6.0,False,,,,,6.0,Vušković,,a,24,Vuskovic,35,15,208,68,47,5,57,8,,,,,,,,,,,2,5,,,,,,12.0,,
,,,,,,,,,,,,,,505,0,0,0,0,0.0,0,0,0.0,0.0,0,0,0,0,0,0,0.0,0,0,0.00,0.00,0.00,0.00,0,0,0,0,2026-07-22T14:42:46.697795Z,0.0,0.0,232859,456,0,,,0,Djed,0.0,False,Has joined Internazionale permanently,2026-08-18T14:13:08.454214Z,,,0.0,Spence,,u,0,Spence,470,183,467,183,417,172,475,183,,,,,,,,,,,2,19,,,,,,197.0,,
,,,,,,,,,,,,,,506,0,0,21,1,13.5,1,0,2.7,9.8,86,0,0,0,0,0,4.0,1,1,0.00,0.23,0.23,1.17,3,4,1,4,2026-07-22T14:42:46.698561Z,100.0,75.0,487053,482,0,,,0,Destiny,1.8,False,,2026-09-11T18:00:09.092110Z,,,2.3,Udogie,,a,7,Udogie,302,119,223,77,279,101,301,112,,,,,,,,,,,2,19,,,,,,79.0,,
,,,,,,,,,,,,,,507,0,0,0,0,0.0,0,0,0.0,0.0,0,0,0,0,0,0,0.0,0,0,0.00,0.00,0.00,0.00,0,0,0,0,2026-07-22T14:42:46.699257Z,0.0,0.0,548308,559,0,,,0,Ashley,0.0,False,Has joined Middlesbrough permanently,2026-08-18T14:13:08.474144Z,,,0.0,Phillips,,u,0,Phillips,493,191,493,191,449,184,498,191,,,,,,,,,,,2,19,,,,,,198.0,,
,,,,,,,,,,,,,,508,0,0,0,0,0.0,0,0,0.0,0.0,0,0,0,0,0,0,0.0,0,0,0.00,0.00,0.00,0.00,0,0,0,0,2026-07-22T14:42:46.700042Z,,,115556,583,0,,,0,Ben,0.0,False,,,,,0.0,Davies,,a,0,Davies,401,146,393,144,332,124,405,145,,,,,,,,,,,2,19,,,,,,199.0,,
,,,,,,,,,,,,,,509,0,0,0,0,0.0,0,0,0.0,0.0,0,0,0,0,0,0,0.0,0,0,0.00,0.00,0.00,0.00,0,0,0,0,2026-07-22T14:42:46.700841Z,,,640419,591,0,,,0,Jun'ai,0.0,False,,,,,0.0,Byfield,,a,0,Byfield,442,173,436,173,379,157,447,173,,,,,,,,,,,2,19,,,,,,200.0,,
,,,,,,,,,,,,,,510,0,0,0,0,0.0,0,0,0.0,0.0,0,0,0,0,0,0,0.0,0,0,0.00,0.00,0.00,0.00,0,0,0,0,2026-07-22T14:42:46.701521Z,,,499716,592,0,,,0,James,0.0,False,,,,,0.0,Rowswell,,a,0,Rowswell,424,157,418,157,358,138,429,157,,,,,,,,,,,2,19,,,,,,201.0,,
,,,,,,,,,,,,,,511,0,0,0,0,0.0,0,0,0.0,0.0,0,0,0,0,0,0,0.0,0,0,0.00,0.00,0.00,0.00,0,0,0,0,2026-07-22T14:42:46.702204Z,0.0,0.0,616221,588,0,,,0,João Victor,0.0,False,Has joined FC Porto on loan for the rest of the season,2026-09-01T13:24:26.858636Z,,,0.0,de Souza Menezes,,u,0,Souza,441,172,435,172,378,156,446,172,,,,,,,,,,,2,19,,,,,,202.0,,
,,,,,,,,,,,,,,512,0,0,25,0,31.2,1,0,6.3,12.4,78,0,0,0,0,0,19.0,0,0,0.04,0.22,0.26,1.11,0,6,1,7,2026-07-22T14:42:46.702976Z,100.0,100.0,460842,44,0,,,1,Mohammed,0.8,False,,2026-07-23T12:01:23.848657Z,,,1.0,Kudus,,a,3,Kudus,284,120,157,95,162,85,235,106,,,,,,,,,,,3,19,,,,,,138.0,,
,,,,,,,,,,,,,,513,0,0,0,0,0.0,0,0,0.0,0.0,0,0,0,0,0,0,0.0,0,0,0.00,0.00,0.00,0.00,0,0,0,0,2026-07-22T14:42:46.703696Z,0.0,0.0,493362,94,0,,,0,Xavi,0.0,False,Knee injury - Unknown return date,2026-07-23T12:01:23.864304Z,,,0.0,Simons,,i,0,Xavi,644,285,647,285,641,283,646,285,,,,,,,,,,,3,19,,,,,,269.0,,
,,,,,,,,,,,,,,514,0,0,41,1,52.7,4,0,14.6,21.6,257,0,0,0,0,0,72.0,0,3,0.21,0.23,0.44,5.55,1,11,1,13,2026-07-22T14:42:46.704407Z,,,511499,95,0,,,1,Mathys,2.0,False,,,,,2.0,Tel,,a,8,Tel,253,106,86,58,44,26,106,56,,,,,,,,,,,3,19,,,,,,88.0,,
2026-08-18T18:20:30.346257Z,515,252258.0,Paddy,2766396.0,51.0,51073.0,48023.0,1.0,Paddy,Farrell,6.0,,False,515,0,0,9,0,12.1,0,0,3.2,11.2,35,0,0,0,0,0,8.0,0,0,0.00,0.02,0.02,0.88,3,2,0,5,2026-07-22T14:42:46.705173Z,100.0,100.0,172780,52,0,,,1,James,0.5,False,,2026-08-25T14:30:07.623508Z,,,1.0,Maddison,,a,2,Maddison,292,122,235,125,242,120,296,133,,,,,,,,,,,3,19,46.0,46.0,20.5,-25.5,48.0,155.0,-134.5,48.0
,,,,,,,,,,,,,,516,0,0,54,2,33.0,3,0,9.9,58.4,287,0,0,0,0,0,6.0,0,3,0.02,0.08,0.10,4.49,19,15,9,43,2026-07-22T14:42:46.706016Z,,,202993,155,0,,,3,Rodrigo,2.8,False,,,,,2.8,Bentancur,,a,11,Bentancur,127,41,147,90,261,130,175,84,,,,,,,,,,,3,19,,,,,,57.0,,
,,,,,,,,,,,,,,517,0,0,0,0,0.0,0,0,0.0,0.0,0,0,0,0,0,0,0.0,0,0,0.00,0.00,0.00,0.00,0,0,0,0,2026-07-22T14:42:46.706988Z,0.0,0.0,550839,183,0,,,0,Wilson,0.0,False,Knee injury - Unknown return date,2026-07-23T12:01:23.879434Z,,,0.0,Odobert,,i,0,Odobert,636,280,641,281,630,276,639,280,,,,,,,,,,,3,19,,,,,,270.0,,
,,,,,,,,,,,,,,518,0,0,0,0,0.0,0,0,0.0,0.0,0,0,0,0,0,0,0.0,0,0,0.00,0.00,0.00,0.00,0,0,0,0,2026-07-22T14:42:46.707731Z,0.0,0.0,482442,287,0,,,0,Pape Matar,0.0,False,Has joined Juventus on loan for the rest of the season,2026-09-02T16:02:43.386849Z,,,0.0,Sarr,,u,0,P.M.Sarr,552,226,552,232,515,206,557,228,,,,,,,,,,,3,19,,,,,,271.0,,
,,,,,,,,,,,,,,519,0,0,24,1,9.9,2,0,2.2,10.2,128,0,0,0,0,0,3.0,1,2,0.02,0.12,0.14,2.58,1,8,5,14,2026-07-22T14:42:46.708414Z,,,232787,187,0,,,0,Conor,0.8,False,,,,,1.5,Gallagher,,a,3,Gallagher,299,129,249,130,295,145,319,146,,,,,,,,,,,3,19,,,,,,139.0,,
,,,,,,,,,,,,,,520,0,0,10,0,9.9,2,0,2.3,8.0,72,0,0,0,0,0,9.0,0,1,0.06,0.26,0.32,2.14,1,9,2,12,2026-07-22T14:42:46.709268Z,,,570526,182,0,,,1,Lucas,0.5,False,,,,,1.0,Bergvall,,a,2,Bergvall,314,142,250,131,234,117,317,145,,,,,,,,,,,3,19,,,,,,156.0,,
,,,,,,,,,,,,,,521,0,0,0,0,0.0,0,0,0.0,0.0,0,0,0,0,0,0,0.0,0,0,0.00,0.00,0.00,0.00,0,0,0,0,2026-07-22T14:42:46.710126Z,0.0,0.0,445044,55,0,,,0,Dejan,0.0,False,Knee injury - Unknown return date,2026-07-23T12:01:23.895175Z,,,0.0,Kulusevski,,i,0,Kulusevski,654,293,655,293,653,293,654,293,,,,,,,,,,,3,19,,,,,,272.0,,
,,,,,,,,,,,,,,522,0,0,37,1,11.5,4,0,3.9,17.6,236,0,0,0,0,0,10.0,0,3,0.09,0.04,0.13,4.99,9,10,3,22,2026-07-22T14:42:46.710848Z,,,547701,298,0,,,3,Archie,1.8,False,,,,,2.3,Gray,,a,7,Gray,268,112,239,126,222,111,283,125,,,,,,,,,,,3,19,,,,,,93.0,,
,,,,,,,,,,,,,,523,0,0,11,0,6.3,4,0,7.5,14.2,89,0,0,0,0,0,56.0,0,1,0.40,0.02,0.42,3.26,0,2,1,3,2026-07-22T14:42:46.711542Z,0.0,0.0,499721,407,0,,,0,Mikey,0.8,False,Has joined FC Köln on loan for the rest of the season,2026-09-04T12:39:48.098158Z,,,1.5,Moore,,u,3,Moore,274,115,263,136,64,41,211,96,,,,,,,,,,,3,19,,,,,,140.0,,
,,,,,,,,,,,,,,524,0,0,0,0,0.0,0,0,0.0,0.0,0,0,0,0,0,0,0.0,0,0,0.00,0.00,0.00,0.00,0,0,0,0,2026-07-22T14:42:46.712348Z,,,499726,520,0,,,0,Callum,0.0,False,,,,,0.0,Olusesi,,a,0,Olusesi,452,183,446,190,393,161,457,185,,,,,,,,,,,3,19,,,,,,273.0,,
2026-08-18T18:28:28.469295Z,525,252258.0,Paddy,2766416.0,71.0,51073.0,48023.0,1.0,Paddy,Farrell,8.0,,False,525,0,0,48,1,86.9,3,0,13.5,24.2,204,0,0,0,0,0,25.0,1,2,0.12,0.26,0.38,3.61,0,8,6,14,2026-07-22T14:42:46.713221Z,,,551226,74,0,,,3,Mateus,1.5,False,,,,,1.5,Fernandes,,a,6,Fernandes,243,101,35,30,136,70,122,62,,,,,,,,,,,3,19,39.0,64.0,30.0,-9.0,38.0,109.0,-79.0,38.0
2026-08-18T18:27:12.624574Z,526,252264.0,Jack Busst,2766414.0,69.0,51073.0,48023.0,9.0,Jack,Busst,7.0,,False,526,0,0,12,1,4.9,0,0,2.7,3.2,105,0,0,0,0,0,21.0,0,1,0.44,0.01,0.45,1.56,1,2,0,3,2026-07-22T14:42:46.714033Z,,,154566,107,0,,,2,Dominic,1.2,False,,,,,1.2,Solanke-Mitchell,,a,5,Solanke,357,38,276,33,152,28,305,33,,,,,,,,,,,4,19,20.0,63.0,20.0,0.0,16.0,27.0,-7.0,17.0
2026-08-18T18:29:33.610305Z,527,252266.0,seans team,2766419.0,74.0,51073.0,48023.0,4.0,sean,kelly,8.0,,False,527,0,0,6,0,2.2,3,0,0.2,0.0,67,0,0,0,0,0,0.0,0,1,0.00,0.00,0.00,3.02,1,0,0,1,2026-07-22T14:42:46.714788Z,0.0,0.0,212319,78,0,,,0,Richarlison,0.5,False,not included in squad.,2026-09-04T12:32:39.183614Z,,,2.0,de Andrade,,u,2,Richarlison,640,73,310,39,637,74,385,44,,,,,,,,,,,4,19,27.0,67.0,21.0,-6.0,25.0,41.0,-20.0,26.0
,,,,,,,,,,,,,,528,0,0,0,0,0.0,0,0,0.0,0.0,0,0,0,0,0,0,0.0,0,0,0.00,0.00,0.00,0.00,0,0,0,0,2026-07-22T14:42:46.715480Z,0.0,0.0,490145,510,0,,,0,Dane,0.0,False,Has joined Leyton Orient permanently,2026-09-02T16:02:43.413625Z,,,0.0,Scarlett,,u,0,Scarlett,479,44,479,50,435,43,484,47,,,,,,,,,,,4,19,,,,,,75.0,,
2026-08-18T18:27:53.446297Z,529,252258.0,Paddy,2766415.0,70.0,51073.0,48023.0,10.0,Paddy,Farrell,7.0,,False,529,0,0,49,1,0.0,5,0,5.9,59.0,360,0,0,0,0,5,0.0,0,4,0.00,0.00,0.00,5.84,5,31,0,0,2026-07-22T14:42:46.716233Z,,,498016,247,0,,,2,Robin,2.8,False,,,,,2.8,Roefs,,a,11,Roefs,126,20,554,59,517,57,243,20,,,,,,,,,,,1,20,11.0,64.0,5.0,-6.0,19.0,13.0,-8.0,14.0
,,,,,,,,,,,,,,530,0,0,0,0,0.0,0,0,0.0,0.0,0,0,0,0,0,0,0.0,0,0,0.00,0.00,0.00,0.00,0,0,0,0,2026-07-22T14:42:46.717028Z,0.0,0.0,232571,646,0,,,0,Anthony,0.0,False,Has joined Wrexham permanently,2026-08-12T14:08:03.064533Z,,,0.0,Patterson,,u,0,Patterson,411,38,405,19,345,15,416,38,,,,,,,,,,,1,20,,,,,,61.0,,
,,,,,,,,,,,,,,531,0,0,0,0,0.0,0,0,0.0,0.0,0,0,0,0,0,0,0.0,0,0,0.00,0.00,0.00,0.00,0,0,0,0,2026-07-22T14:42:46.717780Z,,,515046,490,0,,,0,Melker,0.0,False,,,,,0.0,Ellborg,,a,0,Ellborg,487,62,487,49,443,47,492,62,,,,,,,,,,,1,20,,,,,,62.0,,
2026-08-18T19:03:21.245709Z,532,252258.0,Paddy,2766495.0,150.0,51073.0,48023.0,10.0,Paddy,Farrell,15.0,,False,532,0,0,43,1,23.5,5,0,12.3,75.8,360,0,0,0,0,0,24.0,2,4,0.17,0.16,0.33,5.84,29,9,6,35,2026-07-22T14:42:46.718705Z,,,223827,258,0,,,0,Daniel,3.0,False,,,,,3.0,Ballard,,a,12,Ballard,83,37,178,57,137,41,138,50,,,,,,,,,,,2,20,24.0,136.0,50.0,26.0,7.0,44.0,6.0,10.0
2026-08-18T18:59:49.014446Z,533,252265.0,AL XI,2766488.0,143.0,51073.0,48023.0,3.0,Aaron,Long,15.0,,True,533,0,1,39,1,17.9,3,0,15.1,85.4,270,0,0,0,0,0,48.0,1,3,0.70,0.05,0.75,4.04,30,13,9,39,2026-07-22T14:42:46.719516Z,100.0,100.0,200834,119,0,,,0,Nordi,3.2,False,,2026-08-09T08:30:05.954750Z,,,4.3,Mukiele,,a,13,Mukiele,68,30,201,65,82,16,98,31,,,,,,,,,,,2,20,21.0,129.0,48.0,27.0,5.0,37.0,11.0,9.0
,,,,,,,,,,,,,,534,0,0,46,1,58.6,1,0,10.6,31.8,195,0,0,0,0,0,15.0,0,2,0.04,0.28,0.32,3.09,3,12,9,12,2026-07-22T14:42:46.720271Z,,,487676,443,0,,,0,Trai,2.2,False,,,,,3.0,Hume,,a,9,Hume,219,96,73,15,178,58,166,64,,,,,,,,,,,2,20,,,,,,58.0,,
,,,,,,,,,,,,,,535,0,0,2,0,0.6,1,0,0.0,0.0,23,0,0,0,0,0,0.0,0,0,0.00,0.01,0.01,0.10,0,2,0,0,2026-07-22T14:42:46.721054Z,100.0,100.0,201895,253,0,,,0,Omar,0.2,False,,2026-08-09T08:30:05.962393Z,,,1.0,Alderete,,a,1,Alderete,540,201,349,132,499,196,544,201,,,,,,,,,,,2,20,,,,,,137.0,,
,,,,,,,,,,,,,,536,0,0,37,1,36.4,5,0,9.5,53.8,360,0,0,0,1,0,6.0,0,4,0.00,0.32,0.32,5.05,21,18,8,29,2026-07-22T14:42:46.721780Z,0.0,,434399,458,0,,,-2,Reinildo,1.8,False,Suspended until 10 Oct,2026-09-12T21:30:09.421687Z,,,1.8,Mandava,,s,7,Reinildo,142,65,139,40,254,91,180,66,,,,,,,,,,,2,20,,,,,,80.0,,
,,,,,,,,,,,,,,537,0,0,0,0,0.0,0,0,0.0,0.0,0,0,0,0,0,0,0.0,0,0,0.00,0.00,0.00,0.00,0,0,0,0,2026-07-22T14:42:46.722480Z,0.0,0.0,519634,511,0,,,0,Jenson,0.0,False,Has joined Swansea City on loan for the rest of the season,2026-08-29T00:34:52.425076Z,,,0.0,Seelt,,u,0,Seelt,488,190,488,190,444,183,493,190,,,,,,,,,,,2,20,,,,,,203.0,,
,,,,,,,,,,,,,,538,0,0,0,0,0.0,0,0,0.0,0.0,0,0,0,0,0,0,0.0,0,0,0.00,0.00,0.00,0.00,0,0,0,0,2026-07-22T14:42:46.723551Z,0.0,0.0,477547,659,0,,,0,Leo Fuhr,0.0,False,Has joined KV Mechelen on loan for the rest of the season,2026-08-12T14:08:03.081789Z,,,0.0,Hjelde,,u,0,Hjelde,419,154,413,154,353,135,424,154,,,,,,,,,,,2,20,,,,,,204.0,,
,,,,,,,,,,,,,,539,0,0,1,0,1.4,1,0,1.7,11.4,66,0,0,0,0,0,4.0,1,1,0.01,0.01,0.02,1.69,4,4,1,5,2026-07-22T14:42:46.724281Z,,,167512,582,0,,,0,Luke,0.2,False,,,,,1.0,O'Nien,,a,1,O'Nien,288,116,324,117,276,98,330,119,,,,,,,,,,,2,20,,,,,,138.0,,
,,,,,,,,,,,,,,540,0,0,0,0,0.0,0,0,0.0,0.0,0,0,0,0,0,0,0.0,0,0,0.00,0.00,0.00,0.00,0,0,0,0,2026-07-22T14:42:46.725132Z,0.0,0.0,105717,593,0,,,0,Arthur,0.0,False,Has joined Konyaspor permanently,2026-08-12T14:08:03.097784Z,,,0.0,Masuaku,,u,0,Masuaku,399,145,391,143,330,123,403,144,,,,,,,,,,,2,20,,,,,,205.0,,
,,,,,,,,,,,,,,541,0,0,37,1,28.6,4,0,11.8,47.4,318,0,0,0,0,0,41.0,0,4,0.34,0.13,0.47,4.60,14,12,2,16,2026-07-22T14:42:46.725957Z,100.0,100.0,93605,560,0,,,2,Thomas,2.8,False,,2026-08-16T08:30:07.830062Z,,,2.8,Meunier,,a,11,Meunier,164,70,161,49,97,23,146,55,,,,,,,,,,,2,20,,,,,,47.0,,
2026-08-18T18:31:51.964446Z,542,252265.0,AL XI,2766423.0,78.0,51073.0,48023.0,8.0,Aaron,Long,8.0,,True,542,0,1,57,1,64.5,4,1,20.1,54.8,348,0,1,0,0,0,80.0,0,4,2.06,0.82,2.88,5.64,1,11,6,18,2026-07-22T14:42:46.726605Z,,,484420,67,0,,,0,Enzo,3.2,False,,,,,3.2,Le Fée,,a,13,E.Le Fée,140,49,59,48,38,22,49,36,,,,,,,,,,,3,20,24.0,71.0,32.0,8.0,16.0,45.0,-13.0,21.0
,,,,,,,,,,,,,,543,1,0,18,0,10.9,1,0,2.9,15.6,28,0,0,0,0,0,2.0,0,0,0.03,0.16,0.19,0.12,0,0,0,0,2026-07-22T14:42:46.727779Z,0.0,0.0,547027,173,0,,,0,Habib,1.2,False,Hamstring injury - Unknown return date,2026-08-30T16:30:08.428960Z,,,2.5,Diarra,,i,5,Diarra,272,114,242,128,312,154,298,135,,,,,,,,,,,3,20,,,,,,116.0,,
,,,,,,,,,,,,,,544,1,5,91,1,153.8,5,0,22.6,69.0,360,0,0,0,0,0,3.0,2,4,0.06,0.94,1.00,5.84,9,31,6,46,2026-07-22T14:42:46.728424Z,,,84450,134,0,,,1,Granit,4.8,False,,,,,4.8,Xhaka,,a,19,Xhaka,99,32,6,6,296,146,38,27,,,,,,,,,,,3,20,,,,,,22.0,,
,,,,,,,,,,,,,,545,0,0,66,1,56.2,5,0,18.9,52.8,343,0,0,0,0,0,80.0,1,4,0.40,0.23,0.63,5.45,10,10,6,26,2026-07-22T14:42:46.729648Z,,,577669,278,0,,,2,Noah,2.0,False,,,,,2.0,Sadiki,,a,8,Sadiki,146,51,77,56,37,21,63,43,,,,,,,,,,,3,20,,,,,,89.0,,
,,,,,,,,,,,,,,546,0,0,0,0,0.0,0,0,0.0,0.0,0,0,0,0,0,0,0.0,0,0,0.00,0.00,0.00,0.00,0,0,0,0,2026-07-22T14:42:46.730343Z,0.0,0.0,535818,324,0,,,0,Simon,0.0,False,Has joined Ajax on loan for the rest of the season,2026-08-20T14:00:08.416985Z,,,0.0,Adingra,,u,0,Adingra,555,229,557,235,520,209,560,231,,,,,,,,,,,3,20,,,,,,274.0,,
,,,,,,,,,,,,,,547,0,0,2,0,0.1,0,0,2.5,8.0,1,0,0,0,0,0,17.0,0,0,0.17,0.00,0.17,0.09,1,0,0,1,2026-07-22T14:42:46.731074Z,0.0,0.0,461199,333,0,,,0,Romaine,0.2,False,Knee injury - Unknown return date,2026-09-09T14:00:08.462705Z,,,1.0,Mundle,,i,1,Mundle,313,141,376,185,171,89,308,139,,,,,,,,,,,3,20,,,,,,180.0,,
,,,,,,,,,,,,,,548,0,0,6,0,0.3,1,0,0.0,0.0,17,0,0,0,0,0,0.0,0,0,0.00,0.00,0.00,0.44,0,1,0,1,2026-07-22T14:42:46.732178Z,,,554197,322,0,,,0,Chris,0.5,False,,,,,1.0,Rigg,,a,2,Rigg,559,233,364,178,524,213,564,235,,,,,,,,,,,3,20,,,,,,157.0,,
,,,,,,,,,,,,,,549,0,0,1,0,0.9,1,0,0.0,0.0,31,0,0,0,0,0,0.0,0,0,0.00,0.00,0.00,0.14,0,2,0,2,2026-07-22T14:42:46.732886Z,,,549912,159,0,,,0,Chemsdine,0.2,False,,,,,1.0,Talbi,,a,1,Talbi,611,262,340,169,596,254,616,264,,,,,,,,,,,3,20,,,,,,181.0,,
,,,,,,,,,,,,,,550,0,0,0,0,0.0,0,0,0.0,0.0,0,0,0,0,0,0,0.0,0,0,0.00,0.00,0.00,0.00,0,0,0,0,2026-07-22T14:42:46.733493Z,,,699989,358,0,,,0,Djiamgone Jocelin Ta,0.0,False,,,,,0.0,Bi,,a,0,Jocelin.T,608,260,614,265,593,252,613,262,,,,,,,,,,,3,20,,,,,,275.0,,
,,,,,,,,,,,,,,551,0,0,54,1,26.6,3,1,11.1,50.8,254,0,0,0,0,0,34.0,1,4,0.15,0.12,0.27,3.81,2,13,5,20,2026-07-22T14:42:46.734172Z,,,536661,338,0,,,2,Nilson,3.0,False,,,,,3.0,Angulo,,a,12,N.Angulo,155,56,169,98,116,61,153,74,,,,,,,,,,,3,20,,,,,,54.0,,
2026-08-18T18:11:37.235761Z,552,252258.0,Paddy,2766375.0,30.0,51073.0,48023.0,10.0,Paddy,Farrell,3.0,,False,552,0,0,21,1,52.9,4,0,11.3,4.4,309,0,0,0,0,0,58.0,1,4,0.59,0.07,0.66,5.36,1,10,0,11,2026-07-22T14:42:46.734903Z,,,441264,88,0,,,1,Brian,1.8,False,,,,,1.8,Brobbey,,a,7,Brobbey,342,34,84,7,61,15,150,19,,,,,,,,,,,4,20,15.0,28.0,11.0,-4.0,23.0,19.0,-8.0,18.0
,,,,,,,,,,,,,,553,1,3,48,0,0.7,2,1,6.6,30.6,95,0,0,0,0,0,35.0,0,0,1.49,0.01,1.50,1.99,0,2,1,3,2026-07-22T14:42:46.735862Z,,,437505,167,0,,,1,Wilson,3.5,False,,,,,3.5,Isidor,,a,14,Isidor,221,20,347,43,115,25,229,25,,,,,,,,,,,4,20,,,,,,11.0,,
2026-08-18T18:19:03.311847Z,554,252258.0,Paddy,2766395.0,50.0,51073.0,48023.0,10.0,Paddy,Farrell,5.0,,False,554,2,1,72,2,108.9,1,0,20.1,51.4,290,0,0,0,0,0,40.0,2,4,0.19,0.48,0.67,1.96,6,11,3,20,2026-08-04T10:09:56.629191Z,,,439509,56,0,,,3,Christos,3.5,False,,,,,3.5,Tzolis,,a,14,Tzolis,154,55,22,20,100,55,50,37,,,,,,,,,,,3,1,22.0,46.0,20.5,-1.5,25.0,41.0,-20.5,25.0
,,,,,,,,,,,,,,555,0,0,22,0,8.6,7,0,14.1,91.8,360,0,0,0,0,0,41.0,1,4,0.85,0.27,1.12,5.30,38,12,3,41,2026-08-04T10:09:57.205743Z,,,483067,406,0,,,3,António João,2.5,False,,,,,2.5,Pereira de Albuquerque Tavares da Silva,,a,10,Silva,60,23,253,88,98,24,111,39,,,,,,,,,,,2,3,,,,,,54.0,,
,,,,,,,,,,,,,,556,2,3,76,1,57.8,3,0,16.9,74.2,300,0,0,0,0,0,40.0,1,4,0.41,0.65,1.06,4.03,11,21,13,45,2026-08-04T10:09:58.235282Z,,,513545,228,0,,,4,Mamadou,5.5,False,,,,,5.5,Sangaré,,a,22,M.Sangaré,85,25,75,55,99,54,77,46,,,,,,,,,,,3,4,,,,,,18.0,,
,,,,,,,,,,,,,,557,0,0,0,0,0.0,0,0,0.0,0.0,0,0,0,0,0,0,0.0,0,0,0.00,0.00,0.00,0.00,0,0,0,0,2026-08-04T10:09:58.451552Z,,,549939,557,0,,,0,Mike,0.0,False,,,,,0.0,Penders,,a,0,Penders,453,48,447,29,395,25,458,48,,,,,,,,,,,1,6,,,,,,63.0,,
,,,,,,,,,,,,,,558,0,0,0,0,0.0,0,0,0.0,0.0,0,0,0,0,0,0,0.0,0,0,0.00,0.00,0.00,0.00,0,0,0,0,2026-08-04T10:09:58.673659Z,100.0,100.0,622758,556,0,,,0,Aaron,0.0,False,,2026-08-23T19:00:08.536705Z,,,0.0,Anselmino,,a,0,Anselmino,516,196,515,196,474,191,521,196,,,,,,,,,,,2,6,,,,,,206.0,,
,,,,,,,,,,,,,,559,0,0,0,0,0.0,0,0,0.0,0.0,0,0,0,0,0,0,0.0,0,0,0.00,0.00,0.00,0.00,0,0,0,0,2026-08-04T10:09:58.700316Z,,,169593,640,0,,,0,Remi,0.0,False,,,,,0.0,Matthews,,a,0,Matthews,405,36,399,17,338,13,410,36,,,,,,,,,,,1,8,,,,,,64.0,,
,,,,,,,,,,,,,,560,0,0,3,0,0.0,0,0,0.0,0.4,5,0,0,0,0,0,0.0,0,0,0.00,0.00,0.00,0.07,0,1,0,0,2026-08-04T10:09:58.731472Z,,,169359,639,0,,,0,Matt,0.2,False,,,,,1.0,Targett,,a,1,Targett,383,141,398,146,337,126,409,146,,,,,,,,,,,2,11,,,,,,139.0,,
,,,,,,,,,,,,,,561,0,0,6,0,13.4,0,0,2.4,11.0,45,0,0,0,0,0,0.0,0,1,0.00,0.00,0.00,1.09,2,1,0,3,2026-08-04T10:09:59.324726Z,0.0,0.0,445028,404,0,,,0,Hidemasa,0.2,False,Calf injury - Expected back 11 Oct,2026-09-09T14:00:08.474217Z,,,1.0,Morita,,i,1,Morita,293,123,227,122,556,230,312,142,,,,,,,,,,,3,11,,,,,,182.0,,
,,,,,,,,,,,,,,562,0,0,0,0,0.0,0,0,0.0,0.0,0,0,0,0,0,0,0.0,0,0,0.00,0.00,0.00,0.00,0,0,0,0,2026-08-04T10:09:59.559017Z,0.0,0.0,546600,554,0,,,0,Kayne,0.0,False,Has joined Valencia on loan for the rest of the season,2026-08-25T14:04:09.529320Z,,,0.0,van Oevelen,,u,0,Van Oevelen,492,63,492,50,448,48,497,63,,,,,,,,,,,1,12,,,,,,65.0,,
,,,,,,,,,,,,,,563,0,0,27,0,5.2,8,0,7.4,28.8,243,0,0,0,0,0,43.0,0,3,0.71,0.01,0.72,5.57,8,4,7,19,2026-08-04T10:10:00.636690Z,,,442967,227,0,,,1,Daizen,1.8,False,,,,,1.8,Maeda,,a,7,Maeda,228,92,270,141,91,50,213,97,,,,,,,,,,,3,12,,,,,,94.0,,
,,,,,,,,,,,,,,564,0,0,40,0,0.0,10,0,10.3,103.6,360,0,0,0,0,15,0.0,0,4,0.00,0.01,0.01,6.74,8,39,0,0,2026-08-04T10:10:00.868519Z,,,240514,552,0,,,1,Kjell,1.8,False,,,,,1.8,Scherpen,,a,7,Scherpen,39,4,468,43,418,39,168,4,,,,,,,,,,,1,12,,,,,,18.0,,
,,,,,,,,,,,,,,565,0,0,9,0,0.3,1,0,0.6,5.4,24,0,0,0,0,0,0.0,0,0,0.00,0.00,0.00,1.15,1,1,2,4,2026-08-04T10:10:01.474752Z,,,632794,402,0,,,1,Aladji,0.5,False,,,,,1.0,Bamba,,a,2,Bamba,330,149,365,179,529,217,366,170,,,,,,,,,,,3,17,,,,,,158.0,,
,,,,,,,,,,,,,,566,0,0,58,1,0.0,8,0,13.8,138.6,360,0,0,0,0,16,0.0,1,4,0.00,0.00,0.00,7.55,8,19,0,0,2026-08-04T10:10:02.067209Z,,,470551,401,0,,,1,Lukás,2.8,False,,,,,2.8,Hornícek,,a,11,Horníček,9,1,589,67,562,66,116,2,,,,,,,,,,,1,17,,,,,,14.0,,
,,,,,,,,,,,,,,567,0,0,54,1,19.2,4,0,10.2,54.8,286,0,0,0,0,0,27.0,1,3,0.14,0.08,0.22,3.76,9,18,15,42,2026-08-04T10:10:02.651079Z,,,204561,400,0,,,3,Xaver,2.8,False,,,,,2.8,Schlager,,a,11,Schlager,139,48,199,111,129,66,171,81,,,,,,,,,,,3,18,,,,,,58.0,,
,,,,,,,,,,,,,,568,0,0,8,0,2.9,1,0,0.9,1.6,29,0,0,0,0,0,6.0,1,0,0.04,0.09,0.13,0.61,2,1,0,3,2026-08-05T14:23:38.790698Z,,,543158,231,0,,,0,Valentín,0.2,False,,,,,0.5,Barco,,a,1,Barco,371,171,301,154,260,129,355,164,,,,,,,,,,,3,6,,,,,,183.0,,
2026-08-18T18:15:35.402535Z,569,252260.0,selgar fc,2766386.0,41.0,51073.0,48023.0,1.0,Sam,Elgar,5.0,,False,569,0,0,50,1,32.0,7,1,19.8,53.0,346,0,0,0,0,0,113.0,0,4,1.64,0.25,1.89,7.04,6,8,2,16,2026-08-05T14:23:40.056639Z,,,551466,115,0,,,2,Gonzalo,3.0,False,,,,,3.0,García,,a,12,Gonzalo,145,9,152,14,16,8,52,9,,,,,,,,,,,4,10,12.0,37.0,13.0,1.0,14.0,14.0,-1.0,13.0
,,,,,,,,,,,,,,570,0,1,43,0,22.3,6,1,12.4,39.6,207,0,0,0,0,0,62.0,1,3,0.98,0.03,1.01,4.97,3,8,2,13,2026-08-05T14:23:41.037233Z,,,571779,229,0,,,0,César,2.8,False,,,,,3.7,Palacios,,a,11,Palacios,186,75,186,105,56,36,137,69,,,,,,,,,,,3,10,,,,,,59.0,,
,,,,,,,,,,,,,,571,0,6,113,3,0.0,2,0,10.2,101.8,360,0,0,0,0,14,0.0,0,4,0.00,0.00,0.00,5.96,2,58,0,0,2026-08-06T14:01:42.311461Z,,,473284,561,0,,,2,Konstantinos,7.0,False,,,,,7.0,Tzolakis,,a,28,Tzolakis,40,5,528,52,487,50,170,5,,,,,,,,,,,1,11,,,,,,2.0,,
,,,,,,,,,,,,,,572,0,0,8,0,21.3,0,0,3.2,9.0,13,0,0,0,0,0,2.0,0,0,0.00,0.01,0.01,0.27,1,0,1,2,2026-08-06T14:01:42.830239Z,100.0,100.0,216055,408,0,,,1,Florentino Ibrain,0.2,False,,2026-08-25T11:30:07.678802Z,,,1.0,Morris Luís,,a,1,Florentino,305,133,191,107,301,147,295,132,,,,,,,,,,,3,12,,,,,,184.0,,
,,,,,,,,,,,,,,573,0,0,0,0,0.0,0,0,0.0,0.0,0,0,0,0,0,0,0.0,0,0,0.00,0.00,0.00,0.00,0,0,0,0,2026-08-07T13:58:43.092625Z,,,494928,566,0,,,0,Juanlu,0.0,False,,,,,0.0,Sánchez,,a,0,Sanchez,451,179,445,179,392,166,456,179,,,,,,,,,,,2,3,,,,,,207.0,,
,,,,,,,,,,,,,,574,0,0,26,1,29.9,5,0,4.3,10.4,175,0,0,0,0,0,7.0,1,2,0.03,0.14,0.17,3.17,5,11,0,16,2026-08-10T15:11:34.939062Z,,,661888,414,0,,,1,Caleb,1.5,False,,,,,1.5,Yirenkyi,,a,6,Yirenkyi,295,125,158,96,246,123,270,117,,,,,,,,,,,3,7,,,,,,110.0,,
,,,,,,,,,,,,,,575,0,0,6,0,5.0,5,0,3.7,25.2,144,0,0,0,0,0,6.0,0,1,0.00,0.02,0.02,3.44,12,7,2,14,2026-08-10T15:11:35.146751Z,,,223723,565,0,,,0,Takehiro,0.5,False,,,,,0.7,Tomiyasu,,a,2,Tomiyasu,235,97,273,97,251,88,287,108,,,,,,,,,,,2,8,,,,,,123.0,,
,,,,,,,,,,,,,,576,0,0,4,0,0.0,0,0,0.0,0.0,8,0,0,0,0,0,0.0,0,0,0.00,0.00,0.00,0.00,0,1,0,1,2026-08-10T15:11:35.727579Z,,,552946,410,0,,,0,Jens,0.2,False,,,,,1.0,Hjertø-Dahl,,a,1,Hjertø-Dahl,558,232,560,238,523,212,563,234,,,,,,,,,,,3,11,,,,,,185.0,,
,,,,,,,,,,,,,,577,0,0,17,2,22.7,1,0,3.8,8.4,249,0,0,0,0,0,12.0,1,4,0.06,0.05,0.11,4.32,3,12,5,20,2026-08-10T15:11:36.296441Z,,,608227,409,0,,,1,Elliot,1.8,False,,,,,1.8,Stroud,,a,7,Stroud,310,138,181,103,206,105,285,126,,,,,,,,,,,3,11,,,,,,95.0,,
,,,,,,,,,,,,,,578,0,0,3,0,0.1,0,0,0.1,0.0,16,0,0,0,0,0,2.0,0,0,0.00,0.00,0.00,0.16,0,0,0,0,2026-08-12T13:58:56.401019Z,0.0,0.0,465920,234,0,,,0,Mykhailo,0.2,False,Ankle injury - Unknown return date,2026-09-11T18:00:09.154412Z,,,1.0,Mudryk,,i,1,Mudryk,621,269,378,187,311,153,390,182,,,,,,,,,,,3,19,,,,,,186.0,,
,,,,,,,,,,,,,,579,0,0,44,1,42.7,4,0,10.2,45.4,213,0,0,0,0,0,14.0,0,2,0.09,0.14,0.23,5.05,12,19,2,33,2026-08-12T13:58:56.909780Z,,,463210,411,0,,,5,Shea,2.2,False,,,,,2.2,Charles,,a,9,Charles,169,65,120,75,195,100,172,82,,,,,,,,,,,3,10,,,,,,74.0,,
2026-08-18T18:50:07.892847Z,580,252265.0,AL XI,2766463.0,118.0,51073.0,48023.0,8.0,Aaron,Long,12.0,,True,580,0,0,53,2,7.7,0,0,6.0,48.8,194,0,0,0,0,0,4.0,1,2,0.00,0.05,0.05,1.96,16,9,3,19,2026-08-12T13:58:57.836467Z,,,445087,233,0,,,6,Ronald,3.8,False,,,,,3.8,Araujo,,a,15,Araujo,161,69,256,90,288,108,240,88,,,,,,,,,,,2,14,19.0,107.0,35.0,16.0,11.0,32.0,3.0,13.0
2026-08-18T18:55:19.561974Z,581,252264.0,Jack Busst,2766474.0,129.0,51073.0,48023.0,9.0,Jack,Busst,13.0,,False,581,0,0,13,0,0.4,1,0,3.6,24.6,91,0,0,0,0,0,11.0,0,1,0.11,0.00,0.11,0.82,13,3,1,14,2026-08-12T13:58:58.780795Z,,,568420,232,0,,,4,Ousmane,1.2,False,,,,,2.5,Diomande,,a,5,Diomande,242,100,361,137,217,75,290,110,,,,,,,,,,,2,18,40.0,117.0,41.0,1.0,24.0,90.0,-49.0,35.0
,,,,,,,,,,,,,,582,0,0,0,0,0.0,0,0,0.0,0.0,0,0,0,0,0,0,0.0,0,0,0.00,0.00,0.00,0.00,0,0,0,0,2026-08-13T14:06:37.175060Z,0.0,0.0,690838,236,0,,,0,Brian,0.0,False,Unspecified injury - Unknown return date,2026-08-15T16:00:07.974271Z,,,0.0,Madjo,,i,0,Madjo,626,70,629,74,615,71,630,73,,,,,,,,,,,4,2,,,,,,76.0,,
,,,,,,,,,,,,,,583,0,0,10,0,4.2,1,0,2.6,13.2,118,0,0,0,0,0,8.0,0,0,0.00,0.03,0.03,1.45,5,4,2,7,2026-08-13T14:06:37.839873Z,,,498444,412,0,,,1,Pep,1.0,False,,,,,1.0,Chavarría,,a,4,Chavarria,279,112,281,99,239,84,306,114,,,,,,,,,,,2,6,,,,,,97.0,,
,,,,,,,,,,,,,,584,0,0,6,0,1.8,1,0,0.3,0.6,32,0,0,0,0,0,0.0,0,0,0.00,0.02,0.02,0.82,0,2,1,3,2026-08-13T14:06:39.040848Z,,,196100,235,0,,,0,Gustavo,0.8,False,,,,,1.0,Hamer,,a,3,Hamer,382,177,319,162,603,259,381,178,,,,,,,,,,,3,7,,,,,,141.0,,
,,,,,,,,,,,,,,585,0,0,8,0,0.7,1,0,2.0,19.2,107,0,0,0,0,0,0.0,0,0,0.00,0.01,0.01,1.92,7,1,1,8,2026-08-14T14:10:52.904174Z,,,597462,651,0,,,1,Lucas,1.0,False,,,,,1.0,Herrington,,a,4,Herrington,261,107,345,129,376,154,323,116,,,,,,,,,,,2,11,,,,,,98.0,,
,,,,,,,,,,,,,,586,0,1,69,2,1.4,1,1,16.4,108.2,249,0,0,0,0,0,54.0,0,4,0.32,0.00,0.32,4.02,32,6,7,39,2026-08-14T14:10:52.916345Z,50.0,100.0,606930,647,0,,,1,Nobel,6.2,False,Concussion - 50% chance of playing,2026-09-12T18:00:09.334142Z,,,6.2,Mendy,,d,25,Mendy,33,14,325,118,67,10,83,21,,,,,,,,,,,2,11,,,,,,9.0,,
,,,,,,,,,,,,,,587,0,0,0,0,0.0,0,0,0.0,0.0,0,0,0,0,0,0,0.0,0,0,0.00,0.00,0.00,0.00,0,0,0,0,2026-08-14T14:10:53.418403Z,,,106921,415,0,,,0,Gerónimo,0.0,False,,,,,0.0,Rulli,,a,0,Rulli,564,69,566,61,536,60,569,69,,,,,,,,,,,1,15,,,,,,66.0,,
,,,,,,,,,,,,,,588,0,0,31,0,46.3,8,1,20.5,112.4,289,0,0,0,0,0,46.0,1,3,0.96,0.31,1.27,7.10,19,15,19,38,2026-08-17T14:07:19.727179Z,,,570794,419,0,,,7,Anan,3.2,False,,,,,3.2,Khalaili,,a,13,Khalaili,25,7,102,26,84,17,47,6,,,,,,,,,,,2,8,,,,,,38.0,,
,,,,,,,,,,,,,,589,0,0,13,1,22.5,0,0,4.9,26.2,126,0,0,0,0,0,0.0,1,1,0.00,0.02,0.02,2.13,5,7,4,16,2026-08-17T14:07:20.219301Z,,,469266,416,0,,,0,Lucas,0.8,False,,,,,1.5,Gourna-Douath,,a,3,Gourna-Douath,234,96,182,104,561,233,264,115,,,,,,,,,,,3,11,,,,,,142.0,,
,,,,,,,,,,,,,,590,0,0,0,0,0.0,0,0,0.0,0.0,0,0,0,0,0,0,0.0,0,0,0.00,0.00,0.00,0.00,0,0,0,0,2026-08-17T14:07:20.388918Z,,,428971,562,0,,,0,Steven,0.0,False,,,,,0.0,Benda,,a,0,Benda,474,59,472,44,423,40,479,59,,,,,,,,,,,1,18,,,,,,67.0,,
,,,,,,,,,,,,,,591,2,0,72,0,62.7,10,0,19.4,55.8,340,0,0,0,0,0,75.0,1,4,0.92,0.84,1.76,6.71,5,19,2,26,2026-08-18T14:09:19.179423Z,100.0,100.0,474120,238,0,,,2,Julio,3.2,False,,2026-08-22T18:00:07.551930Z,,,3.2,Enciso,,a,13,Enciso,135,46,63,50,41,24,59,41,,,,,,,,,,,3,12,,,,,,46.0,,
,,,,,,,,,,,,,,592,0,0,12,0,24.8,1,0,3.6,11.6,41,0,0,0,0,0,0.0,0,0,0.00,0.02,0.02,0.89,2,4,1,3,2026-08-18T14:09:19.193144Z,,,572584,649,0,,,1,Abdoul,1.0,False,,,,,1.0,Ouattara,,a,4,Ouattara,286,115,174,55,370,149,289,109,,,,,,,,,,,2,12,,,,,,99.0,,
,,,,,,,,,,,,,,593,0,0,-4,0,3.7,0,0,0.4,0.0,23,0,0,0,0,0,4.0,1,0,0.42,0.00,0.42,0.14,0,0,0,0,2026-08-19T14:02:18.541218Z,,,538007,116,0,,,0,Promise,0.2,False,,,,,0.5,David,,a,1,David,648,74,290,37,292,40,373,43,,,,,,,,,,,4,5,,,,,,48.0,,
,,,,,,,,,,,,,,594,0,0,6,0,1.6,2,0,0.3,1.4,28,0,0,0,0,0,0.0,0,0,0.00,0.00,0.00,0.68,0,0,1,1,2026-08-19T14:02:19.083461Z,,,559152,418,0,,,1,Zavier,0.5,False,,,,,1.0,Gozo,,a,2,Gozo,372,172,323,163,584,247,379,176,,,,,,,,,,,3,8,,,,,,159.0,,
,,,,,,,,,,,,,,595,1,2,36,1,40.7,7,0,12.6,70.0,327,0,0,0,0,0,15.0,0,4,0.14,0.08,0.22,7.38,16,15,8,24,2026-08-19T14:02:19.280051Z,100.0,75.0,463726,563,0,,,0,Amar,3.2,False,,2026-09-09T14:30:08.475769Z,,,3.2,Dedic,,a,13,Dedić,94,41,127,36,180,60,135,49,,,,,,,,,,,2,17,,,,,,39.0,,
,,,,,,,,,,,,,,596,0,0,6,0,2.6,0,0,0.9,6.6,23,0,0,0,0,0,0.0,0,0,0.00,0.01,0.01,0.49,1,2,2,3,2026-08-20T14:08:05.683092Z,,,487992,567,0,,,0,Matteo,0.5,False,,,,,1.0,Ruggeri,,a,2,Ruggeri,321,123,304,109,433,180,350,129,,,,,,,,,,,2,2,,,,,,124.0,,
,,,,,,,,,,,,,,597,0,3,63,1,0.0,3,0,8.0,79.4,270,0,0,0,0,10,0.0,0,3,0.00,0.01,0.01,3.89,5,31,0,0,2026-08-20T14:08:06.234018Z,,,433969,421,0,,,2,Zion,3.5,False,,,,,4.7,Suzuki,,a,14,Suzuki,76,14,584,66,555,65,207,15,,,,,,,,,,,1,2,,,,,,11.0,,
,,,,,,,,,,,,,,598,0,0,3,0,0.2,3,0,0.1,1.0,30,0,0,0,0,0,0.0,0,0,0.00,0.00,0.00,1.43,1,0,0,1,2026-08-20T14:08:06.781223Z,,,627221,420,0,,,1,Sidiki,0.2,False,,,,,1.0,Cherif,,a,1,Cherif,379,42,373,47,589,64,389,45,,,,,,,,,,,4,7,,,,,,49.0,,
,,,,,,,,,,,,,,599,0,0,29,0,23.1,3,0,10.8,62.2,236,0,0,0,0,0,22.0,0,2,0.05,0.57,0.62,4.39,23,7,2,25,2026-08-20T14:08:06.987581Z,,,173774,564,0,,,2,Nico,1.8,False,,,,,2.3,Elvedi,,a,7,Elvedi,114,55,179,58,146,45,161,61,,,,,,,,,,,2,13,,,,,,81.0,,
,,,,,,,,,,,,,,600,0,0,15,0,17.8,1,0,4.2,7.2,40,0,0,0,0,0,19.0,0,0,0.05,0.07,0.12,0.32,0,3,1,4,2026-08-21T13:15:13.775625Z,,,612855,422,0,,,1,Ibrahim,0.8,False,,,,,1.0,Osman,,a,3,Osman,317,143,202,113,160,83,274,121,,,,,,,,,,,3,5,,,,,,143.0,,
,,,,,,,,,,,,,,601,0,0,0,0,0.0,0,0,0.0,0.0,0,0,0,0,0,0,0.0,0,0,0.00,0.00,0.00,0.00,0,0,0,0,2026-08-22T19:32:46.155720Z,0.0,0.0,524180,571,0,,,0,Cameron,0.0,False,Has joined Huddersfield Town on loan for the rest of the season,2026-09-02T16:04:17.524642Z,,,0.0,Humphreys,,u,0,Humphreys,490,192,490,199,446,171,495,194,,,,,,,,,,,3,12,,,,,,276.0,,
,,,,,,,,,,,,,,602,0,0,0,0,0.0,0,0,0.0,0.0,0,0,0,0,0,0,0.0,0,0,0.00,0.00,0.00,0.00,0,0,0,0,2026-08-22T19:32:46.335626Z,,,643970,650,0,,,0,Jayden,0.0,False,,,,,0.0,Lienou,,a,0,Lienou,443,174,437,174,380,158,448,174,,,,,,,,,,,2,13,,,,,,208.0,,
,,,,,,,,,,,,,,603,0,0,0,0,0.0,0,0,0.0,0.0,0,0,0,0,0,0,0.0,0,0,0.00,0.00,0.00,0.00,0,0,0,0,2026-08-22T19:32:46.555199Z,,,592740,569,0,,,0,Alfie,0.0,False,,,,,0.0,Cresswell,,a,0,Cresswell,508,198,507,205,464,177,513,200,,,,,,,,,,,3,13,,,,,,277.0,,
,,,,,,,,,,,,,,604,0,0,0,0,0.0,0,0,0.0,0.0,0,0,0,0,0,0,0.0,0,0,0.00,0.00,0.00,0.00,0,0,0,0,2026-08-22T19:32:46.774832Z,,,611917,568,0,,,0,Luca,0.0,False,,,,,0.0,Williams-Barnett,,a,0,Williams-Barnett,514,201,513,208,470,180,519,203,,,,,,,,,,,3,19,,,,,,278.0,,
,,,,,,,,,,,,,,605,0,0,0,0,0.0,0,0,0.0,0.0,0,0,0,0,0,0,0.0,0,0,0.00,0.00,0.00,0.00,0,0,0,0,2026-08-23T18:24:26.360557Z,,,569577,652,0,,,0,Triston,0.0,False,,,,,0.0,Rowe,,a,0,Rowe,434,166,428,166,369,148,439,166,,,,,,,,,,,2,2,,,,,,209.0,,
,,,,,,,,,,,,,,606,0,0,0,0,0.0,0,0,0.0,0.0,0,0,0,0,0,0,0.0,0,0,0.00,0.00,0.00,0.00,0,0,0,0,2026-08-23T18:24:26.740193Z,0.0,0.0,571380,572,0,,,0,Luka,0.0,False,Has joined Oxford United on loan until January,2026-09-04T12:35:39.820426Z,,,0.0,Lynch,,u,0,Lynch,503,195,502,202,459,174,508,197,,,,,,,,,,,3,2,,,,,,279.0,,
,,,,,,,,,,,,,,607,0,0,10,0,0.8,2,0,2.1,3.4,16,0,0,0,0,0,17.0,0,0,0.10,0.00,0.10,0.36,0,1,0,1,2026-08-23T18:24:27.336306Z,,,523700,424,0,,,0,Daniel,0.5,False,,,,,1.0,Jebbison,,a,2,Jebbison,352,35,343,42,172,30,321,38,,,,,,,,,,,4,3,,,,,,42.0,,
,,,,,,,,,,,,,,608,0,1,87,1,60.0,4,2,27.2,107.0,231,0,0,0,0,0,105.0,0,3,1.42,0.27,1.69,6.43,6,7,5,18,2026-08-23T18:24:27.558278Z,,,611695,570,0,,,8,Malick,4.8,False,,,,,4.8,Yalcouyé,,a,19,Yalcouyé,37,16,68,53,20,10,24,17,,,,,,,,,,,3,5,,,,,,23.0,,
,,,,,,,,,,,,,,609,0,0,0,0,0.0,0,0,0.0,0.0,0,0,0,0,0,0,0.0,0,0,0.00,0.00,0.00,0.00,0,0,0,0,2026-08-23T18:24:27.590735Z,0.0,0.0,553746,648,0,,,0,Leo,0.0,False,has joined Arouca on loan for the rest of the seaon.,2026-09-11T14:41:57.406766Z,,,0.0,Shahar,,u,0,Shahar,432,164,426,164,366,145,437,164,,,,,,,,,,,2,17,,,,,,210.0,,
,,,,,,,,,,,,,,610,0,0,0,0,0.0,0,0,0.0,0.0,0,0,0,0,0,0,0.0,0,0,0.00,0.00,0.00,0.00,0,0,0,0,2026-08-24T21:41:02.036330Z,0.0,0.0,547686,655,0,,,0,Luc,0.0,False,has joined  Real Salt Lake on loan for the rest of the seaon.,2026-08-28T11:30:08.336405Z,,,0.0,De Fougerolles,,u,0,De Fougerolles,430,162,424,162,364,143,435,162,,,,,,,,,,,2,10,,,,,,211.0,,
,,,,,,,,,,,,,,611,0,0,18,0,15.0,2,0,4.7,32.4,107,0,0,0,0,0,0.0,0,1,0.00,0.06,0.06,2.63,8,1,7,15,2026-08-25T14:04:54.174933Z,,,214590,574,0,,,3,Aaron,1.7,False,,,,,1.7,Wan-Bissaka,,a,5,Wan-Bissaka,217,94,212,69,411,169,267,101,,,,,,,,,,,2,2,,,,,,91.0,,
,,,,,,,,,,,,,,612,0,0,0,0,0.0,0,0,0.0,0.0,0,0,0,0,0,0,0.0,0,0,0.00,0.00,0.00,0.00,0,0,0,0,2026-08-25T14:04:54.603057Z,100.0,100.0,638411,573,0,,,0,Dayann,0.0,False,,2026-08-28T13:00:08.950445Z,,,0.0,Méthalie,,a,0,Methalie,521,197,520,197,479,192,526,197,,,,,,,,,,,2,20,,,,,,212.0,,
,,,,,,,,,,,,,,613,0,0,0,0,0.0,0,0,0.0,0.0,0,0,0,0,0,0,0.0,0,0,0.00,0.00,0.00,0.00,0,0,0,0,2026-08-26T14:06:08.914702Z,,,512123,576,0,,,0,Jaouen,0.0,False,,,,,0.0,Hadjam,,a,0,Hadjam,486,189,486,189,442,182,491,189,,,,,,,,,,,2,5,,,,,,213.0,,
,,,,,,,,,,,,,,614,0,0,0,0,0.0,0,0,0.0,0.0,0,0,0,0,0,0,0.0,0,0,0.00,0.00,0.00,0.00,0,0,0,0,2026-08-26T14:06:09.315389Z,,,696104,575,0,,,0,Jules,0.0,False,,,,,0.0,Ahoka,,a,0,Ahoka,528,211,527,218,486,190,533,213,,,,,,,,,,,3,20,,,,,,280.0,,
,,,,,,,,,,,,,,615,0,0,0,0,0.0,0,0,0.0,0.0,0,0,0,0,0,0,0.0,0,0,0.00,0.00,0.00,0.00,0,0,0,0,2026-08-27T15:43:06.941459Z,,,230650,577,0,,,0,Michele,0.0,False,,,,,0.0,Di Gregorio,,a,0,Di Gregorio,468,58,465,42,415,38,473,58,,,,,,,,,,,1,3,,,,,,68.0,,
,,,,,,,,,,,,,,616,0,0,8,0,4.8,0,0,1.8,13.0,22,0,0,0,0,0,0.0,0,0,0.00,0.12,0.12,0.37,3,3,0,6,2026-08-27T15:43:08.401866Z,,,637238,204,0,,,0,Ayyoub,0.7,False,,,,,1.0,Bouaddi,,a,2,Bouaddi,280,118,278,145,631,277,329,150,,,,,,,,,,,3,15,,,,,,160.0,,
,,,,,,,,,,,,,,617,0,0,0,0,0.0,0,0,0.0,0.0,0,0,0,0,0,0,0.0,0,0,0.00,0.00,0.00,0.00,0,0,0,0,2026-08-28T14:00:28.504932Z,0.0,0.0,119090,90,0,,,0,Leon,0.0,False,Knee injury - Expected back 10 Oct,2026-09-09T09:30:08.229436Z,,,0.0,Goretzka,,i,0,Goretzka,646,287,649,287,644,286,648,287,,,,,,,,,,,3,2,,,,,,281.0,,
,,,,,,,,,,,,,,618,0,0,11,0,18.8,1,0,6.8,10.6,45,0,0,0,0,0,38.0,0,0,0.52,0.16,0.68,0.82,1,1,0,2,2026-08-28T14:00:29.712843Z,,,490884,285,0,,,1,Mohamed-Ali,1.0,False,,,,,1.0,Cho,,a,3,Cho,294,124,200,112,104,56,224,102,,,,,,,,,,,3,11,,,,,,144.0,,
,,,,,,,,,,,,,,619,0,0,49,0,40.4,6,0,9.0,45.4,195,0,0,0,0,0,4.0,0,2,0.00,0.07,0.07,3.23,10,20,8,38,2026-08-28T14:00:30.776848Z,,,218543,284,0,,,4,Exequiel,3.0,False,,,,,3.0,Palacios,,a,9,Palacios,168,64,128,80,285,141,191,89,,,,,,,,,,,3,12,,,,,,75.0,,
,,,,,,,,,,,,,,620,0,0,4,0,1.0,0,0,0.4,3.4,30,0,0,0,0,0,0.0,0,0,0.00,0.01,0.01,0.50,1,1,0,1,2026-08-28T14:58:47.082338Z,,,613804,578,0,,,1,El Hadji Malick,0.3,False,,,,,1.0,Diouf,,a,1,Diouf,351,133,335,123,471,189,370,135,,,,,,,,,,,2,4,,,,,,140.0,,
,,,,,,,,,,,,,,621,0,0,8,0,0.5,0,0,0.8,5.2,11,0,0,0,0,0,3.0,0,0,0.10,0.00,0.10,0.02,0,2,2,4,2026-08-28T22:03:29.425937Z,,,616288,579,0,,,0,Ryan,0.7,False,,,,,1.0,McAidoo,,a,2,McAidoo,334,152,354,174,294,144,359,166,,,,,,,,,,,3,15,,,,,,161.0,,
,,,,,,,,,,,,,,622,0,0,3,0,0.8,0,0,0.1,0.6,1,0,0,0,0,0,0.0,0,0,0.00,0.00,0.00,0.00,0,1,0,0,2026-08-28T22:03:29.596984Z,,,554054,653,0,,,0,Kaden,0.3,False,,,,,1.0,Braithwaite,,a,1,Braithwaite,381,140,341,128,367,146,386,139,,,,,,,,,,,2,15,,,,,,141.0,,
,,,,,,,,,,,,,,623,0,0,0,0,0.0,0,0,0.0,0.0,0,0,0,0,0,0,0.0,0,0,0.00,0.00,0.00,0.00,0,0,0,0,2026-08-29T19:09:45.424144Z,,,79602,656,0,,,0,Dan,0.0,False,,,,,0.0,Bentley,,a,0,Bentley,395,29,387,10,326,6,399,29,,,,,,,,,,,1,7,,,,,,69.0,,
,,,,,,,,,,,,,,624,0,0,0,0,0.0,0,0,0.0,0.0,0,0,0,0,0,0,0.0,0,0,0.00,0.00,0.00,0.00,0,0,0,0,2026-08-30T18:38:22.115350Z,0.0,0.0,519324,271,0,,,0,Amario,0.0,False,Has joined Middlesbrough on loan for the rest of the season,2026-09-02T15:38:15.552951Z,,,0.0,Cozier-Duberry,,u,0,Cozier-Duberry,596,252,603,257,578,242,601,254,,,,,,,,,,,3,5,,,,,,282.0,,
,,,,,,,,,,,,,,625,0,0,0,0,0.0,0,0,0.0,0.0,0,0,0,0,0,0,0.0,0,0,0.00,0.00,0.00,0.00,0,0,0,0,2026-08-30T18:38:22.885121Z,,,616069,431,0,,,0,Macaulay,0.0,False,,,,,0.0,Zepa,,a,0,Zepa,515,202,514,209,472,181,520,204,,,,,,,,,,,3,10,,,,,,283.0,,
,,,,,,,,,,,,,,626,0,0,0,0,0.0,0,0,0.0,0.0,0,0,0,0,0,0,0.0,0,0,0.00,0.00,0.00,0.00,0,0,0,0,2026-08-30T18:38:22.910594Z,,,97846,654,0,,,0,Alex,0.0,False,,,,,0.0,Cairns,,a,0,Cairns,398,31,390,12,329,8,402,31,,,,,,,,,,,1,13,,,,,,70.0,,
,,,,,,,,,,,,,,627,0,0,0,0,0.0,0,0,0.0,0.0,0,0,0,0,0,0,0.0,0,0,0.00,0.00,0.00,0.00,0,0,0,0,2026-09-01T13:05:06.011759Z,,,155465,657,0,,,0,Michael,0.0,False,,,,,0.0,Zetterer,,a,0,Zetterer,402,33,394,14,333,10,406,33,,,,,,,,,,,1,13,,,,,,71.0,,
,,,,,,,,,,,,,,628,0,0,14,1,24.1,0,0,4.3,8.6,97,0,0,0,0,0,10.0,0,1,0.21,0.10,0.31,0.77,0,2,3,5,2026-09-01T13:05:08.116961Z,,,482616,8,0,,,3,Bradley,2.0,False,,,,,2.0,Barcola,,a,4,Barcola,309,137,176,101,227,112,272,119,,,,,,,,,,,3,14,,,,,,122.0,,
,,,,,,,,,,,,,,629,0,0,0,0,0.0,0,0,0.0,0.0,0,0,0,0,0,0,0.0,0,0,0.00,0.00,0.00,0.00,0,0,0,0,2026-09-01T13:05:09.853108Z,,,624777,65,0,,,0,Allan,0.0,False,,,,,0.0,Andrade Elias,,a,0,Allan,650,289,651,289,648,288,650,289,,,,,,,,,,,3,15,,,,,,284.0,,
,,,,,,,,,,,,,,630,0,0,0,0,0.0,0,0,0.0,0.0,0,0,0,0,0,0,0.0,0,0,0.00,0.00,0.00,0.00,0,0,0,0,2026-09-02T15:28:59.068644Z,,,245719,433,0,,,0,Taylor,0.0,False,,,,,0.0,Harwood-Bellis,,a,0,Harwood-Bellis,473,186,471,186,421,175,478,186,,,,,,,,,,,2,2,,,,,,214.0,,
,,,,,,,,,,,,,,631,0,0,6,0,15.2,1,0,4.3,9.0,27,0,0,0,0,0,19.0,0,0,0.02,0.13,0.15,0.86,0,1,1,2,2026-09-02T15:29:01.804751Z,,,638987,59,0,,,1,Ibrahim,0.5,False,,,,,1.0,Mbaye,,a,1,Mbaye,307,135,211,118,161,84,271,118,,,,,,,,,,,3,2,,,,,,187.0,,
,,,,,,,,,,,,,,632,1,0,10,0,13.1,0,0,3.4,18.8,25,0,0,0,0,0,2.0,0,0,0.24,0.01,0.25,0.22,2,1,1,4,2026-09-02T15:29:03.929612Z,,,592984,123,0,,,4,José María,2.0,False,,,,,4.0,Andrés Baixauli,,a,4,Andrés,264,111,229,124,315,156,293,130,,,,,,,,,,,3,5,,,,,,123.0,,
,,,,,,,,,,,,,,633,0,0,10,0,11.9,3,0,4.1,24.6,90,0,0,0,0,0,4.0,0,1,0.00,0.01,0.01,1.68,9,4,2,11,2026-09-02T15:29:04.870184Z,,,605972,430,0,,,3,Honest,1.5,False,,,,,3.0,Ahanor,,a,3,Ahanor,239,98,236,84,282,104,276,104,,,,,,,,,,,2,8,,,,,,110.0,,
,,,,,,,,,,,,,,634,0,0,21,0,4.2,1,1,5.9,33.4,29,0,0,0,0,0,21.0,0,0,0.27,0.01,0.28,1.12,1,0,0,1,2026-09-02T15:29:05.832259Z,,,172850,429,0,,,1,Ben,4.0,False,,,,,4.0,Chilwell,,a,8,Chilwell,213,90,280,98,148,46,241,89,,,,,,,,,,,2,8,,,,,,69.0,,
,,,,,,,,,,,,,,635,0,0,32,0,5.1,5,0,6.2,29.4,163,0,0,0,0,0,28.0,0,2,0.12,0.03,0.15,4.25,4,9,9,22,2026-09-02T15:29:07.542083Z,,,450063,246,0,,,4,Quinten,3.0,False,,,,,3.0,Timber,,a,6,Timber,226,90,271,142,127,65,238,107,,,,,,,,,,,3,8,,,,,,111.0,,
,,,,,,,,,,,,,,636,0,0,2,0,0.3,0,0,0.2,2.0,1,0,0,0,0,0,0.0,0,0,0.00,0.00,0.00,0.13,0,0,1,1,2026-09-02T15:29:09.688381Z,,,533646,122,0,,,0,Darío,0.5,False,,,,,1.0,Osorio,,a,1,Osorio,368,169,368,181,629,275,384,180,,,,,,,,,,,3,8,,,,,,188.0,,
,,,,,,,,,,,,,,637,0,0,36,1,12.8,1,1,6.4,43.4,87,0,0,0,0,0,8.0,0,1,0.06,0.14,0.20,0.72,3,4,2,5,2026-09-02T15:29:10.639575Z,,,154043,426,0,,,6,Ainsley,6.5,False,,,,,6.5,Maitland-Niles,,a,13,Maitland-Niles,173,73,230,80,237,83,232,86,,,,,,,,,,,2,9,,,,,,40.0,,
,,,,,,,,,,,,,,638,0,0,6,0,1.8,0,0,1.5,3.6,24,0,0,0,0,0,9.0,0,0,0.13,0.23,0.36,0.46,0,1,1,2,2026-09-02T15:29:12.332149Z,,,551050,244,0,,,1,Hugo,1.0,False,,,,,1.0,Larsson,,a,2,Larsson,349,160,318,161,230,113,335,153,,,,,,,,,,,3,10,,,,,,162.0,,
,,,,,,,,,,,,,,639,0,0,0,0,0.0,0,0,0.0,0.0,0,0,0,0,0,0,0.0,0,0,0.00,0.00,0.00,0.00,0,0,0,0,2026-09-02T15:29:14.033111Z,,,500033,243,0,,,0,Manuel Ángel,0.0,False,,,,,0.0,Morán Ibáñez,,a,0,Ángel,593,251,600,256,574,240,598,253,,,,,,,,,,,3,10,,,,,,285.0,,
,,,,,,,,,,,,,,640,0,0,23,1,3.3,0,0,2.2,18.6,90,0,0,0,0,0,0.0,0,1,0.00,0.00,0.00,1.28,11,3,1,12,2026-09-02T15:29:14.998897Z,,,442299,423,0,,,8,David,4.0,False,,,,,8.0,Affengruber,,a,8,Affengruber,265,108,293,103,426,179,318,115,,,,,,,,,,,2,10,,,,,,70.0,,
,,,,,,,,,,,,,,641,0,0,0,0,0.0,0,0,0.0,0.0,0,0,0,0,0,0,0.0,0,0,0.00,0.00,0.00,0.00,0,0,0,0,2026-09-02T15:29:16.686532Z,0.0,0.0,626751,242,0,,,0,Ilyas,0.0,False,Back injury - Unknown return date,2026-09-09T10:00:08.919489Z,,,0.0,Ansah,,i,0,Ansah,604,64,611,69,588,63,609,67,,,,,,,,,,,4,11,,,,,,77.0,,
,,,,,,,,,,,,,,642,0,0,3,0,0.5,0,0,0.0,0.0,8,0,0,0,0,0,0.0,0,0,0.00,0.00,0.00,0.18,0,1,0,1,2026-09-02T15:29:18.403482Z,,,631000,241,0,,,1,Robinio,0.5,False,,,,,1.0,Vaz,,a,1,Vaz,605,65,357,44,590,65,610,68,,,,,,,,,,,4,11,,,,,,50.0,,
,,,,,,,,,,,,,,643,0,0,3,0,0.6,0,0,1.2,2.2,34,0,0,0,0,0,9.0,1,0,0.05,0.00,0.05,0.30,1,4,0,1,2026-09-02T15:29:18.469746Z,,,496181,644,0,,,0,Brooke,0.5,False,,,,,0.5,Norton-Cuffy,,a,1,Norton-Cuffy,362,135,348,131,228,80,345,125,,,,,,,,,,,2,11,,,,,,142.0,,
,,,,,,,,,,,,,,644,0,0,11,0,25.6,1,0,3.8,8.8,57,0,0,0,0,0,4.0,0,0,0.02,0.07,0.09,0.76,0,5,0,5,2026-09-02T15:29:20.651443Z,,,243951,121,0,,,1,Sorba,1.0,False,,,,,1.0,Thomas,,a,2,Thomas,308,136,171,99,289,142,286,127,,,,,,,,,,,3,11,,,,,,163.0,,
,,,,,,,,,,,,,,645,0,0,0,0,0.0,0,0,0.0,0.0,0,0,0,0,0,0,0.0,0,0,0.00,0.00,0.00,0.00,0,0,0,0,2026-09-02T15:29:22.376094Z,,,647839,239,0,,,0,Christos,0.0,False,,,,,0.0,Mouzakitis,,a,0,Mouzakitis,606,259,612,264,591,251,611,261,,,,,,,,,,,3,11,,,,,,286.0,,
,,,,,,,,,,,,,,646,0,0,36,0,1.8,1,1,9.1,38.2,51,0,0,0,0,0,51.0,0,0,0.54,0.01,0.55,0.47,1,1,0,2,2026-09-02T15:29:24.563806Z,,,431639,120,0,,,5,Zian,3.0,False,,,,,3.0,Flemming,,a,6,Flemming,190,15,320,40,73,18,189,21,,,,,,,,,,,4,12,,,,,,23.0,,
,,,,,,,,,,,,,,647,0,0,1,0,10.3,1,0,1.5,4.4,18,0,0,0,0,0,0.0,0,0,0.00,0.00,0.00,0.30,1,2,1,2,2026-09-02T15:29:25.549890Z,,,437497,417,0,,,1,Melvin,0.5,False,,,,,1.0,Bard,,a,1,Bard,340,130,247,85,424,177,334,121,,,,,,,,,,,2,13,,,,,,143.0,,
,,,,,,,,,,,,,,648,0,0,0,0,0.0,0,0,0.0,0.0,0,0,0,0,0,0,0.0,0,0,0.00,0.00,0.00,0.00,0,0,0,0,2026-09-02T15:29:27.298155Z,,,587982,237,0,,,0,Jean-Mattéo,0.0,False,,,,,0.0,Bahoya,,a,0,Bahoya,602,257,609,262,585,248,607,259,,,,,,,,,,,3,13,,,,,,287.0,,
,,,,,,,,,,,,,,649,0,0,9,0,11.7,3,0,2.4,2.2,84,0,0,0,0,0,10.0,0,1,0.00,0.01,0.01,1.95,0,2,1,3,2026-09-02T15:29:29.756335Z,,,613221,58,0,,,1,Matias,1.0,False,,,,,1.0,Fernandez-Pardo,,a,2,Fernandez-Pardo,366,40,238,28,226,36,315,37,,,,,,,,,,,4,17,,,,,,43.0,,
,,,,,,,,,,,,,,650,0,0,5,0,1.3,1,0,0.7,0.0,30,0,0,0,0,0,6.0,0,0,0.00,0.00,0.00,1.18,0,0,0,0,2026-09-02T15:29:31.971753Z,,,549940,118,0,,,1,Malick,1.0,False,,,,,1.0,Fofana,,a,2,Fofana,635,279,330,165,263,131,363,168,,,,,,,,,,,3,20,,,,,,164.0,,
,,,,,,,,,,,,,,651,0,0,0,0,0.0,0,0,0.0,0.0,0,0,0,0,0,0,0.0,0,0,0.00,0.00,0.00,0.00,0,0,0,0,2026-09-02T15:29:32.983182Z,,,661313,413,0,,,0,Juan,0.0,False,,,,,0.0,Angulo,,a,0,J.Angulo,524,56,523,61,482,55,529,59,,,,,,,,,,,4,20,,,,,,78.0,,
,,,,,,,,,,,,,,652,0,0,0,0,0.0,0,0,0.0,0.0,0,0,0,0,0,0,0.0,0,0,0.00,0.00,0.00,0.00,0,0,0,0,2026-09-03T13:57:58.014042Z,75.0,75.0,471551,125,0,,,0,Femi,0.0,False,Hamstring injury - 75% chance of playing,2026-09-04T11:30:08.661589Z,,,0.0,Azeez,,d,0,Azeez,633,277,639,279,627,273,637,278,,,,,,,,,,,3,5,,,,,,288.0,,
,,,,,,,,,,,,,,653,0,0,0,0,0.0,0,0,0.0,0.0,0,0,0,0,0,0,0.0,0,0,0.00,0.00,0.00,0.00,0,0,0,0,2026-09-05T19:51:06.139216Z,,,595480,434,0,,,0,Floyd,0.0,False,,,,,0.0,Samba,,a,0,Samba,510,199,509,206,466,178,515,201,,,,,,,,,,,3,15,,,,,,289.0,,
,,,,,,,,,,,,,,654,0,0,0,0,0.0,0,0,0.0,0.0,0,0,0,0,0,0,0.0,0,0,0.00,0.00,0.00,0.00,0,0,0,0,2026-09-07T08:05:53.301019Z,,,629068,435,0,,,0,Braiden,0.0,False,,,,,0.0,Graham,,a,0,Graham,518,204,517,211,476,183,523,206,,,,,,,,,,,3,9,,,,,,290.0,,
,,,,,,,,,,,,,,655,0,0,0,0,0.0,0,0,0.0,0.0,0,0,0,0,0,0,0.0,0,0,0.00,0.00,0.00,0.00,0,0,0,0,2026-09-10T15:05:34.053574Z,,,242893,126,0,,,0,Yann,0.0,False,,,,,0.0,Gboho,,a,0,Gboho,631,275,637,277,624,270,635,276,,,,,,,,,,,3,7,,,,,,291.0,,
,,,,,,,,,,,,,,656,0,0,0,0,0.0,0,0,0.0,0.0,0,0,0,0,0,0,0.0,0,0,0.00,0.00,0.00,0.00,0,0,0,0,2026-09-11T14:55:19.196428Z,,,566213,658,0,,,0,Stephen,0.0,False,,,,,0.0,Mfuni,,a,0,Mfuni,433,165,427,165,368,147,438,165,,,,,,,,,,,2,7,,,,,,215.0,,
,,,,,,,,,,,,,,657,0,0,0,0,0.0,0,0,0.0,0.0,0,0,0,0,0,0,0.0,0,0,0.00,0.00,0.00,0.00,0,0,0,0,2026-09-12T22:07:17.039715Z,,,626464,436,0,,,0,Gustavo,0.0,False,,,,,0.0,Nunes Fernandes Gomes,,a,0,Nunes,517,203,516,210,475,182,522,205,,,,,,,,,,,3,4,,,,,,292.0,,
,,,,,,,,,,,,,,658,0,0,0,0,0.0,0,0,0.0,0.0,0,0,0,0,0,0,0.0,0,0,0.00,0.00,0.00,0.00,0,0,0,0,2026-09-13T17:45:18.306889Z,,,661016,437,0,,,0,Younes,0.0,False,,,,,0.0,Ibrahim,,a,0,Ibrahim,523,207,522,214,481,186,528,209,,,,,,,,,,,3,5,,,,,,293.0,,
,,,,,,,,,,,,,,659,0,0,0,0,0.0,0,0,0.0,0.0,0,0,0,0,0,0,0.0,0,0,0.00,0.00,0.00,0.00,0,0,0,0,2026-09-14T21:43:16.357471Z,,,665243,438,0,,,0,Mason,0.0,False,,,,,0.0,Miley,,a,0,Miley,525,208,524,215,483,187,530,210,,,,,,,,,,,3,17,,,,,,294.0,,
